-- phpMyAdmin SQL Dump
-- version 5.2.1
-- https://www.phpmyadmin.net/
--
-- Servidor: 127.0.0.1
-- Tiempo de generación: 04-06-2024 a las 04:14:23
-- Versión del servidor: 10.4.32-MariaDB
-- Versión de PHP: 8.1.25

SET SQL_MODE = "NO_AUTO_VALUE_ON_ZERO";
START TRANSACTION;
SET time_zone = "+00:00";


/*!40101 SET @OLD_CHARACTER_SET_CLIENT=@@CHARACTER_SET_CLIENT */;
/*!40101 SET @OLD_CHARACTER_SET_RESULTS=@@CHARACTER_SET_RESULTS */;
/*!40101 SET @OLD_COLLATION_CONNECTION=@@COLLATION_CONNECTION */;
/*!40101 SET NAMES utf8mb4 */;

--
-- Base de datos: `db_inemsite`
--

-- --------------------------------------------------------

--
-- Estructura de tabla para la tabla `bloque`
--

CREATE TABLE `bloque` (
  `idbloque` varchar(40) NOT NULL,
  `numerodesalas` varchar(20) NOT NULL
) ENGINE=InnoDB DEFAULT CHARSET=utf8mb4 COLLATE=utf8mb4_general_ci;

--
-- Volcado de datos para la tabla `bloque`
--

INSERT INTO `bloque` (`idbloque`, `numerodesalas`) VALUES
('1', '4'),
('2', '3'),
('3', '1'),
('4', '3'),
('5', '2'),
('6', '4'),
('7', '4'),
('8', '2');

-- --------------------------------------------------------

--
-- Estructura de tabla para la tabla `reservas`
--

CREATE TABLE `reservas` (
  `idreserva` int(11) NOT NULL,
  `periodoInicio` int(2) NOT NULL,
  `periodoFinal` int(2) NOT NULL,
  `fecha` datetime NOT NULL,
  `Idusuario` int(11) NOT NULL
) ENGINE=InnoDB DEFAULT CHARSET=utf8mb4 COLLATE=utf8mb4_general_ci;

--
-- Volcado de datos para la tabla `reservas`
--

INSERT INTO `reservas` (`idreserva`, `periodoInicio`, `periodoFinal`, `fecha`, `Idusuario`) VALUES
(1000, 6, 6, '2024-01-08 00:00:00', 1024),
(1001, 3, 4, '2024-01-24 00:00:00', 1078),
(1002, 1, 1, '2024-09-30 00:00:00', 1084),
(1003, 3, 4, '2024-09-02 00:00:00', 1101),
(1004, 2, 3, '2024-07-10 00:00:00', 1103),
(1005, 2, 3, '2024-01-16 00:00:00', 1111),
(1006, 1, 2, '2024-07-18 00:00:00', 1121),
(1007, 3, 3, '2024-05-21 00:00:00', 1137),
(1008, 5, 5, '2024-10-18 00:00:00', 1156),
(1009, 5, 6, '2024-06-26 00:00:00', 1162),
(1010, 3, 3, '2024-10-01 00:00:00', 1199),
(1011, 2, 2, '2024-02-09 00:00:00', 1216),
(1012, 5, 6, '2024-05-12 00:00:00', 1222),
(1013, 6, 6, '2024-06-26 00:00:00', 1271),
(1014, 3, 4, '2024-11-10 00:00:00', 1272),
(1015, 5, 6, '2024-04-09 00:00:00', 1275),
(1016, 3, 3, '2024-08-17 00:00:00', 1278),
(1017, 4, 4, '2024-02-05 00:00:00', 1317),
(1018, 4, 5, '2024-07-08 00:00:00', 1323),
(1019, 1, 2, '2024-07-02 00:00:00', 1335),
(1020, 5, 5, '2024-01-11 00:00:00', 1360),
(1021, 5, 6, '2024-08-13 00:00:00', 1382),
(1022, 4, 5, '2024-04-18 00:00:00', 1387),
(1023, 2, 2, '2024-07-12 00:00:00', 1437),
(1024, 4, 4, '2024-10-28 00:00:00', 1441),
(1025, 2, 2, '2024-07-30 00:00:00', 1461),
(1026, 3, 3, '2024-09-03 00:00:00', 1466),
(1027, 6, 6, '2024-08-15 00:00:00', 1501),
(1028, 2, 3, '2024-06-05 00:00:00', 1503),
(1029, 3, 3, '2024-06-08 00:00:00', 1509),
(1030, 4, 4, '2024-11-20 00:00:00', 1523),
(1031, 3, 4, '2024-08-13 00:00:00', 1540),
(1032, 2, 3, '2024-02-17 00:00:00', 1545),
(1033, 1, 1, '2024-11-05 00:00:00', 1565),
(1034, 3, 4, '2024-05-07 00:00:00', 1585),
(1035, 4, 5, '2024-01-26 00:00:00', 1586),
(1036, 1, 1, '2024-10-17 00:00:00', 1593),
(1037, 6, 6, '2024-03-27 00:00:00', 1598),
(1038, 2, 2, '2024-02-22 00:00:00', 1627),
(1039, 3, 3, '2024-05-12 00:00:00', 1634),
(1040, 2, 3, '2024-04-30 00:00:00', 1658),
(1041, 3, 4, '2024-08-06 00:00:00', 1664),
(1042, 6, 6, '2024-04-16 00:00:00', 1671),
(1043, 4, 5, '2024-01-02 00:00:00', 1684),
(1044, 5, 5, '2024-02-25 00:00:00', 1699),
(1045, 6, 6, '2024-03-06 00:00:00', 1725),
(1046, 3, 4, '2024-08-14 00:00:00', 1748),
(1047, 4, 5, '2024-09-23 00:00:00', 1758),
(1048, 5, 5, '2024-02-04 00:00:00', 1759),
(1049, 4, 4, '2024-05-06 00:00:00', 1777),
(1050, 4, 4, '2024-03-19 00:00:00', 1778),
(1051, 4, 4, '2024-05-04 00:00:00', 1779),
(1052, 5, 5, '2024-08-29 00:00:00', 1798),
(1053, 5, 5, '2024-07-23 00:00:00', 1807),
(1054, 2, 3, '2024-01-06 00:00:00', 1812),
(1055, 3, 3, '2024-05-25 00:00:00', 1857),
(1056, 4, 4, '2024-05-10 00:00:00', 1862),
(1057, 6, 6, '2024-10-02 00:00:00', 1885),
(1058, 5, 6, '2024-10-12 00:00:00', 1916),
(1059, 1, 2, '2024-09-12 00:00:00', 1922),
(1060, 4, 4, '2024-09-07 00:00:00', 1932),
(1061, 4, 5, '2024-03-23 00:00:00', 1934),
(1062, 2, 3, '2024-05-25 00:00:00', 1958),
(1063, 5, 5, '2024-09-08 00:00:00', 1976),
(1064, 4, 5, '2024-10-13 00:00:00', 1977),
(1065, 5, 5, '2024-04-22 00:00:00', 2006),
(1066, 2, 3, '2024-02-22 00:00:00', 2014),
(1067, 6, 6, '2024-08-22 00:00:00', 2020),
(1068, 1, 2, '2024-02-20 00:00:00', 2032),
(1069, 2, 2, '2024-02-06 00:00:00', 2101),
(1070, 6, 6, '2024-10-05 00:00:00', 2116),
(1071, 5, 6, '2024-06-08 00:00:00', 2120),
(1072, 6, 6, '2024-03-28 00:00:00', 2125),
(1073, 4, 5, '2024-02-13 00:00:00', 2133),
(1074, 1, 2, '2024-09-26 00:00:00', 2138),
(1075, 2, 3, '2024-07-14 00:00:00', 2158),
(1076, 2, 2, '2024-04-03 00:00:00', 2180),
(1077, 4, 4, '2024-02-27 00:00:00', 2214),
(1078, 3, 3, '2024-02-16 00:00:00', 2219),
(1079, 4, 5, '2024-05-17 00:00:00', 2220),
(1080, 1, 1, '2024-05-19 00:00:00', 2222),
(1081, 4, 4, '2024-07-31 00:00:00', 2233),
(1082, 5, 6, '2024-04-08 00:00:00', 2254),
(1083, 1, 2, '2024-02-07 00:00:00', 2266),
(1084, 1, 1, '2024-06-03 00:00:00', 2282),
(1085, 5, 5, '2024-02-16 00:00:00', 2311),
(1086, 3, 4, '2024-11-29 00:00:00', 2321),
(1087, 1, 2, '2024-10-19 00:00:00', 2364),
(1088, 6, 6, '2024-01-05 00:00:00', 2376),
(1089, 2, 3, '2024-06-27 00:00:00', 2378),
(1090, 2, 2, '2024-07-30 00:00:00', 2389),
(1091, 3, 4, '2024-10-30 00:00:00', 2390),
(1092, 4, 4, '2024-01-04 00:00:00', 2393),
(1093, 5, 5, '2024-05-03 00:00:00', 2408),
(1094, 5, 6, '2024-09-21 00:00:00', 2429),
(1095, 5, 6, '2024-07-11 00:00:00', 2438),
(1096, 4, 4, '2024-03-06 00:00:00', 2449),
(1097, 4, 5, '2024-04-09 00:00:00', 2452),
(1098, 6, 6, '2024-06-29 00:00:00', 2514),
(1099, 4, 5, '2024-10-11 00:00:00', 2543),
(1100, 2, 3, '2024-01-16 00:00:00', 2552),
(1101, 1, 1, '2024-03-12 00:00:00', 2571),
(1102, 6, 6, '2024-07-05 00:00:00', 2573),
(1103, 3, 3, '2024-10-18 00:00:00', 2606),
(1104, 1, 1, '2024-01-29 00:00:00', 2617),
(1105, 1, 2, '2024-01-28 00:00:00', 2623),
(1106, 4, 5, '2024-11-07 00:00:00', 2631),
(1107, 3, 3, '2024-04-10 00:00:00', 2639),
(1108, 6, 6, '2024-01-27 00:00:00', 2656),
(1109, 3, 4, '2024-11-12 00:00:00', 2667),
(1110, 5, 5, '2024-09-26 00:00:00', 2674),
(1111, 4, 4, '2024-03-11 00:00:00', 2749),
(1112, 6, 6, '2024-02-20 00:00:00', 2750),
(1113, 5, 6, '2024-05-27 00:00:00', 2767),
(1114, 1, 2, '2024-09-27 00:00:00', 2787),
(1115, 4, 5, '2024-10-22 00:00:00', 2801),
(1116, 6, 6, '2024-08-18 00:00:00', 2821),
(1117, 4, 5, '2024-11-23 00:00:00', 2827),
(1118, 6, 6, '2024-11-26 00:00:00', 2828),
(1119, 2, 3, '2024-11-20 00:00:00', 2847),
(1120, 6, 6, '2024-09-17 00:00:00', 2877),
(1121, 2, 2, '2024-04-24 00:00:00', 2887),
(1122, 1, 1, '2024-05-11 00:00:00', 2895),
(1123, 4, 4, '2024-02-20 00:00:00', 2899),
(1124, 4, 5, '2024-07-10 00:00:00', 2903),
(1125, 3, 4, '2024-02-10 00:00:00', 2920),
(1126, 1, 1, '2024-06-14 00:00:00', 2927),
(1127, 3, 3, '2024-05-28 00:00:00', 2977),
(1128, 4, 5, '2024-10-30 00:00:00', 2985),
(1129, 2, 3, '2024-06-03 00:00:00', 2993),
(1130, 6, 6, '2024-10-06 00:00:00', 3018),
(1131, 2, 2, '2024-04-22 00:00:00', 3089),
(1132, 2, 3, '2024-09-05 00:00:00', 3096),
(1133, 4, 4, '2024-05-03 00:00:00', 3118),
(1134, 4, 4, '2024-07-13 00:00:00', 3123),
(1135, 3, 4, '2024-05-30 00:00:00', 3125),
(1136, 5, 6, '2024-01-02 00:00:00', 3197),
(1137, 1, 1, '2024-01-15 00:00:00', 3206),
(1138, 2, 2, '2024-02-13 00:00:00', 3213),
(1139, 4, 5, '2024-09-04 00:00:00', 3214),
(1140, 6, 6, '2024-07-26 00:00:00', 3224),
(1141, 5, 6, '2024-06-25 00:00:00', 3240),
(1142, 3, 4, '2024-01-12 00:00:00', 3255),
(1143, 6, 6, '2024-05-30 00:00:00', 3262),
(1144, 2, 3, '2024-06-09 00:00:00', 3276),
(1145, 2, 3, '2024-03-11 00:00:00', 3285),
(1146, 3, 3, '2024-03-15 00:00:00', 3290),
(1147, 6, 6, '2024-05-28 00:00:00', 3325),
(1148, 1, 1, '2024-08-01 00:00:00', 3383),
(1149, 4, 5, '2024-10-18 00:00:00', 3395),
(1150, 4, 4, '2024-02-04 00:00:00', 3408),
(1151, 1, 1, '2024-07-17 00:00:00', 3424),
(1152, 5, 6, '2024-02-01 00:00:00', 3462),
(1153, 3, 4, '2024-08-05 00:00:00', 3464),
(1154, 4, 5, '2024-04-15 00:00:00', 3526),
(1155, 6, 6, '2024-09-28 00:00:00', 3528),
(1156, 5, 5, '2024-06-20 00:00:00', 3560),
(1157, 5, 6, '2024-05-06 00:00:00', 3579),
(1158, 2, 2, '2024-08-21 00:00:00', 3594),
(1159, 2, 2, '2024-09-09 00:00:00', 3595),
(1160, 4, 4, '2024-11-20 00:00:00', 3604),
(1161, 2, 3, '2024-08-16 00:00:00', 3616),
(1162, 3, 3, '2024-07-29 00:00:00', 3619),
(1163, 2, 2, '2024-09-22 00:00:00', 3705),
(1164, 1, 1, '2024-11-28 00:00:00', 3722),
(1165, 6, 6, '2024-08-28 00:00:00', 3729),
(1166, 2, 3, '2024-03-23 00:00:00', 3745),
(1167, 1, 2, '2024-04-08 00:00:00', 3820),
(1168, 3, 3, '2024-09-04 00:00:00', 3832),
(1169, 1, 2, '2024-02-02 00:00:00', 3892),
(1170, 1, 1, '2024-09-18 00:00:00', 3893),
(1171, 4, 5, '2024-11-02 00:00:00', 3894),
(1172, 2, 3, '2024-09-20 00:00:00', 3919),
(1173, 3, 3, '2024-08-14 00:00:00', 3922),
(1174, 4, 5, '2024-10-18 00:00:00', 3939),
(1175, 1, 1, '2024-04-08 00:00:00', 3940),
(1176, 2, 3, '2024-10-19 00:00:00', 3997),
(1177, 2, 3, '2024-03-14 00:00:00', 4007),
(1178, 3, 3, '2024-03-06 00:00:00', 4010),
(1179, 6, 6, '2024-01-14 00:00:00', 4041),
(1180, 2, 2, '2024-07-05 00:00:00', 4075),
(1181, 5, 6, '2024-05-27 00:00:00', 4094),
(1182, 3, 4, '2024-09-13 00:00:00', 4120),
(1183, 6, 6, '2024-10-31 00:00:00', 4159),
(1184, 5, 6, '2024-02-11 00:00:00', 4198),
(1185, 4, 5, '2024-04-08 00:00:00', 4236),
(1186, 2, 3, '2024-06-20 00:00:00', 4248),
(1187, 3, 4, '2024-09-11 00:00:00', 4257),
(1188, 4, 5, '2024-03-25 00:00:00', 4264),
(1189, 1, 2, '2024-11-09 00:00:00', 4265),
(1190, 2, 3, '2024-09-13 00:00:00', 4281),
(1191, 4, 5, '2024-10-28 00:00:00', 4284),
(1192, 2, 3, '2024-05-12 00:00:00', 4311),
(1193, 3, 4, '2024-09-09 00:00:00', 4312),
(1194, 5, 6, '2024-10-08 00:00:00', 4325),
(1195, 2, 3, '2024-08-30 00:00:00', 4332),
(1196, 5, 6, '2024-05-11 00:00:00', 4355),
(1197, 5, 5, '2024-04-28 00:00:00', 4359),
(1198, 4, 4, '2024-07-26 00:00:00', 4360),
(1199, 3, 4, '2024-07-02 00:00:00', 4371),
(1200, 1, 2, '2024-02-10 00:00:00', 4379),
(1201, 3, 3, '2024-09-09 00:00:00', 4399),
(1202, 3, 4, '2024-10-02 00:00:00', 4400),
(1203, 3, 4, '2024-02-29 00:00:00', 4428),
(1204, 2, 2, '2024-10-10 00:00:00', 4469),
(1205, 2, 3, '2024-11-24 00:00:00', 4479),
(1206, 1, 2, '2024-04-04 00:00:00', 4488),
(1207, 5, 5, '2024-06-25 00:00:00', 4516),
(1208, 4, 4, '2024-10-30 00:00:00', 4525),
(1209, 2, 2, '2024-01-17 00:00:00', 4556),
(1210, 5, 6, '2024-01-28 00:00:00', 4566),
(1211, 5, 5, '2024-09-02 00:00:00', 4567),
(1212, 5, 6, '2024-03-11 00:00:00', 4573),
(1213, 1, 2, '2024-08-03 00:00:00', 4583),
(1214, 3, 3, '2024-01-29 00:00:00', 4605),
(1215, 6, 6, '2024-05-20 00:00:00', 4610),
(1216, 5, 5, '2024-02-15 00:00:00', 4624),
(1217, 6, 6, '2024-06-03 00:00:00', 4631),
(1218, 5, 6, '2024-02-07 00:00:00', 4636),
(1219, 4, 4, '2024-08-03 00:00:00', 4661),
(1220, 4, 4, '2024-02-11 00:00:00', 4681),
(1221, 4, 4, '2024-06-18 00:00:00', 4683),
(1222, 2, 3, '2024-08-22 00:00:00', 4730),
(1223, 3, 4, '2024-08-29 00:00:00', 4752),
(1224, 1, 2, '2024-07-29 00:00:00', 4756),
(1225, 6, 6, '2024-04-25 00:00:00', 4807),
(1226, 2, 2, '2024-10-13 00:00:00', 4849),
(1227, 5, 5, '2024-08-09 00:00:00', 4850),
(1228, 6, 6, '2024-03-29 00:00:00', 4883),
(1229, 1, 2, '2024-08-06 00:00:00', 4895),
(1230, 4, 4, '2024-08-17 00:00:00', 4914),
(1231, 4, 4, '2024-03-03 00:00:00', 4920),
(1232, 3, 3, '2024-04-17 00:00:00', 4932),
(1233, 3, 3, '2024-08-16 00:00:00', 4935),
(1234, 2, 3, '2024-02-19 00:00:00', 4941),
(1235, 5, 6, '2024-06-15 00:00:00', 4966),
(1236, 3, 4, '2024-02-16 00:00:00', 4967),
(1237, 5, 5, '2024-11-13 00:00:00', 4968),
(1238, 4, 4, '2024-06-14 00:00:00', 4993),
(1239, 2, 3, '2024-03-18 00:00:00', 5047),
(1240, 2, 3, '2024-08-02 00:00:00', 5051),
(1241, 2, 2, '2024-10-07 00:00:00', 5080),
(1242, 6, 6, '2024-02-14 00:00:00', 5083),
(1243, 4, 5, '2024-08-04 00:00:00', 5092),
(1244, 6, 6, '2024-09-13 00:00:00', 5095),
(1245, 3, 4, '2024-02-26 00:00:00', 5104),
(1246, 5, 6, '2024-03-27 00:00:00', 5105),
(1247, 5, 5, '2024-03-31 00:00:00', 5114),
(1248, 4, 5, '2024-05-28 00:00:00', 5141),
(1249, 2, 2, '2024-03-18 00:00:00', 5217),
(1250, 2, 3, '2024-04-27 00:00:00', 5219),
(1251, 3, 4, '2024-07-05 00:00:00', 5249),
(1252, 5, 6, '2024-02-13 00:00:00', 5272),
(1253, 2, 3, '2024-03-20 00:00:00', 5286),
(1254, 1, 1, '2024-05-19 00:00:00', 5310),
(1255, 5, 6, '2024-01-12 00:00:00', 5324),
(1256, 2, 3, '2024-02-15 00:00:00', 5328),
(1257, 3, 3, '2024-05-30 00:00:00', 5346),
(1258, 3, 3, '2024-06-15 00:00:00', 5386),
(1259, 4, 4, '2024-04-19 00:00:00', 5393),
(1260, 4, 5, '2024-01-05 00:00:00', 5398),
(1261, 6, 6, '2024-02-17 00:00:00', 5444),
(1262, 3, 3, '2024-03-11 00:00:00', 5482),
(1263, 3, 4, '2024-11-16 00:00:00', 5495),
(1264, 2, 3, '2024-02-26 00:00:00', 5496),
(1265, 1, 1, '2024-06-04 00:00:00', 5499),
(1266, 3, 3, '2024-04-15 00:00:00', 5506),
(1267, 1, 2, '2024-02-15 00:00:00', 5563),
(1268, 4, 4, '2024-01-02 00:00:00', 5572),
(1269, 1, 2, '2024-06-25 00:00:00', 5585),
(1270, 3, 3, '2024-03-09 00:00:00', 5610),
(1271, 2, 3, '2024-08-30 00:00:00', 5629),
(1272, 6, 6, '2024-05-25 00:00:00', 5645),
(1273, 1, 1, '2024-03-26 00:00:00', 5646),
(1274, 1, 2, '2024-07-04 00:00:00', 5647),
(1275, 5, 6, '2024-03-08 00:00:00', 5654),
(1276, 2, 3, '2024-01-11 00:00:00', 5756),
(1277, 2, 2, '2024-04-02 00:00:00', 5761),
(1278, 2, 3, '2024-03-18 00:00:00', 5794),
(1279, 1, 2, '2024-11-23 00:00:00', 5797),
(1280, 6, 6, '2024-04-10 00:00:00', 5804),
(1281, 3, 3, '2024-03-22 00:00:00', 5809),
(1282, 3, 4, '2024-07-10 00:00:00', 5814),
(1283, 1, 1, '2024-10-17 00:00:00', 5848),
(1284, 2, 2, '2024-05-01 00:00:00', 5852),
(1285, 5, 6, '2024-10-16 00:00:00', 5891),
(1286, 2, 2, '2024-04-26 00:00:00', 5907),
(1287, 6, 6, '2024-01-21 00:00:00', 5933),
(1288, 1, 2, '2024-09-24 00:00:00', 5941),
(1289, 6, 6, '2024-02-05 00:00:00', 5960),
(1290, 4, 4, '2024-01-23 00:00:00', 5985),
(1291, 4, 5, '2024-10-27 00:00:00', 5986),
(1292, 1, 2, '2024-04-15 00:00:00', 5989),
(1293, 2, 3, '2024-03-12 00:00:00', 5992),
(1294, 4, 5, '2024-07-20 00:00:00', 5996),
(1295, 3, 4, '2024-06-22 00:00:00', 6075),
(1296, 6, 6, '2024-08-17 00:00:00', 6079),
(1297, 6, 6, '2024-08-26 00:00:00', 6081),
(1298, 1, 1, '2024-10-03 00:00:00', 6095),
(1299, 2, 3, '2024-09-02 00:00:00', 6105),
(1300, 2, 3, '2024-11-03 00:00:00', 6108),
(1301, 2, 3, '2024-05-14 00:00:00', 6146),
(1302, 2, 3, '2024-05-08 00:00:00', 6165),
(1303, 5, 6, '2024-06-11 00:00:00', 6167),
(1304, 3, 4, '2024-11-23 00:00:00', 6177),
(1305, 4, 5, '2024-07-04 00:00:00', 6179),
(1306, 5, 5, '2024-04-21 00:00:00', 6183),
(1307, 4, 5, '2024-03-21 00:00:00', 6218),
(1308, 4, 5, '2024-09-08 00:00:00', 6235),
(1309, 2, 2, '2024-07-14 00:00:00', 6251),
(1310, 4, 5, '2024-01-18 00:00:00', 6257),
(1311, 5, 6, '2024-06-14 00:00:00', 6271),
(1312, 2, 2, '2024-01-15 00:00:00', 6294),
(1313, 1, 2, '2024-02-13 00:00:00', 6320),
(1314, 3, 4, '2024-11-10 00:00:00', 6352),
(1315, 3, 3, '2024-10-03 00:00:00', 6386),
(1316, 5, 6, '2024-05-31 00:00:00', 6393),
(1317, 2, 3, '2024-07-17 00:00:00', 6394),
(1318, 1, 1, '2024-07-16 00:00:00', 6401),
(1319, 2, 3, '2024-04-09 00:00:00', 6413),
(1320, 5, 6, '2024-05-27 00:00:00', 6442),
(1321, 2, 2, '2024-03-13 00:00:00', 6444),
(1322, 5, 5, '2024-11-11 00:00:00', 6449),
(1323, 2, 2, '2024-07-26 00:00:00', 6451),
(1324, 3, 3, '2024-03-03 00:00:00', 6469),
(1325, 5, 5, '2024-04-23 00:00:00', 6476),
(1326, 4, 5, '2024-10-14 00:00:00', 6482),
(1327, 6, 6, '2024-11-30 00:00:00', 6488),
(1328, 1, 1, '2024-03-31 00:00:00', 6555),
(1329, 1, 2, '2024-10-16 00:00:00', 6584),
(1330, 2, 2, '2024-04-24 00:00:00', 6590),
(1331, 1, 1, '2024-06-28 00:00:00', 6594),
(1332, 6, 6, '2024-09-08 00:00:00', 6610),
(1333, 3, 4, '2024-10-09 00:00:00', 6613),
(1334, 4, 4, '2024-08-05 00:00:00', 6645),
(1335, 4, 4, '2024-06-26 00:00:00', 6685),
(1336, 1, 1, '2024-02-06 00:00:00', 6694),
(1337, 1, 1, '2024-02-08 00:00:00', 6731),
(1338, 6, 6, '2024-02-06 00:00:00', 6746),
(1339, 6, 6, '2024-09-25 00:00:00', 6783),
(1340, 5, 5, '2024-09-13 00:00:00', 6838),
(1341, 4, 5, '2024-04-08 00:00:00', 6839),
(1342, 6, 6, '2024-01-15 00:00:00', 6842),
(1343, 1, 2, '2024-01-20 00:00:00', 6845),
(1344, 1, 2, '2024-03-14 00:00:00', 6889),
(1345, 2, 2, '2024-10-08 00:00:00', 6891),
(1346, 5, 6, '2024-11-15 00:00:00', 6920),
(1347, 4, 5, '2024-04-18 00:00:00', 6941),
(1348, 2, 2, '2024-03-11 00:00:00', 6958),
(1349, 5, 5, '2024-06-02 00:00:00', 6986),
(1350, 6, 6, '2024-10-25 00:00:00', 6995),
(1351, 6, 6, '2024-08-08 00:00:00', 7045),
(1352, 1, 2, '2024-02-29 00:00:00', 7084),
(1353, 5, 6, '2024-07-20 00:00:00', 7092),
(1354, 3, 3, '2024-10-11 00:00:00', 7098),
(1355, 5, 5, '2024-11-01 00:00:00', 7100),
(1356, 2, 3, '2024-06-22 00:00:00', 7109),
(1357, 5, 5, '2024-01-27 00:00:00', 7151),
(1358, 2, 2, '2024-09-15 00:00:00', 7176),
(1359, 4, 4, '2024-11-15 00:00:00', 7188),
(1360, 4, 5, '2024-04-07 00:00:00', 7189),
(1361, 2, 2, '2024-06-08 00:00:00', 7191),
(1362, 4, 4, '2024-07-08 00:00:00', 7207),
(1363, 1, 2, '2024-05-16 00:00:00', 7216),
(1364, 3, 3, '2024-01-20 00:00:00', 7247),
(1365, 5, 5, '2024-07-13 00:00:00', 7249),
(1366, 3, 4, '2024-07-21 00:00:00', 7275),
(1367, 6, 6, '2024-11-23 00:00:00', 7310),
(1368, 4, 5, '2024-05-19 00:00:00', 7324),
(1369, 4, 4, '2024-06-11 00:00:00', 7348),
(1370, 3, 4, '2024-01-31 00:00:00', 7382),
(1371, 1, 2, '2024-03-07 00:00:00', 7420),
(1372, 4, 4, '2024-08-06 00:00:00', 7443),
(1373, 1, 1, '2024-10-28 00:00:00', 7500),
(1374, 3, 3, '2024-10-19 00:00:00', 7519),
(1375, 5, 6, '2024-01-01 00:00:00', 7563),
(1376, 1, 2, '2024-03-11 00:00:00', 7584),
(1377, 2, 2, '2024-03-27 00:00:00', 7596),
(1378, 6, 6, '2024-01-29 00:00:00', 7653),
(1379, 6, 6, '2024-09-11 00:00:00', 7691),
(1380, 5, 5, '2024-11-22 00:00:00', 7708),
(1381, 6, 6, '2024-09-11 00:00:00', 7731),
(1382, 2, 3, '2024-09-13 00:00:00', 7736),
(1383, 6, 6, '2024-08-23 00:00:00', 7743),
(1384, 4, 5, '2024-05-18 00:00:00', 7769),
(1385, 3, 4, '2024-02-22 00:00:00', 7799),
(1386, 3, 3, '2024-04-02 00:00:00', 7813),
(1387, 3, 3, '2024-01-31 00:00:00', 7831),
(1388, 1, 1, '2024-11-12 00:00:00', 7844),
(1389, 6, 6, '2024-07-11 00:00:00', 7849),
(1390, 3, 4, '2024-03-22 00:00:00', 7854),
(1391, 2, 3, '2024-06-09 00:00:00', 7855),
(1392, 5, 6, '2024-04-20 00:00:00', 7856),
(1393, 5, 5, '2024-03-23 00:00:00', 7937),
(1394, 4, 5, '2024-08-30 00:00:00', 7951),
(1395, 2, 2, '2024-07-06 00:00:00', 7972),
(1396, 3, 4, '2024-04-27 00:00:00', 7997),
(1397, 3, 4, '2024-02-23 00:00:00', 8012),
(1398, 3, 3, '2024-10-05 00:00:00', 8023),
(1399, 3, 4, '2024-08-20 00:00:00', 8029),
(1400, 6, 6, '2024-10-16 00:00:00', 8056),
(1401, 2, 2, '2024-09-21 00:00:00', 8057),
(1402, 3, 4, '2024-07-01 00:00:00', 8084),
(1403, 4, 4, '2024-10-21 00:00:00', 8128),
(1404, 5, 5, '2024-02-15 00:00:00', 8144),
(1405, 3, 3, '2024-04-08 00:00:00', 8162),
(1406, 5, 5, '2024-03-14 00:00:00', 8167),
(1407, 3, 3, '2024-06-03 00:00:00', 8191),
(1408, 5, 5, '2024-02-20 00:00:00', 8197),
(1409, 1, 1, '2024-08-21 00:00:00', 8225),
(1410, 1, 2, '2024-11-28 00:00:00', 8229),
(1411, 6, 6, '2024-06-17 00:00:00', 8287),
(1412, 3, 3, '2024-01-23 00:00:00', 8295),
(1413, 3, 4, '2024-07-28 00:00:00', 8318),
(1414, 4, 5, '2024-08-29 00:00:00', 8340),
(1415, 3, 3, '2024-01-07 00:00:00', 8349),
(1416, 2, 3, '2024-08-27 00:00:00', 8421),
(1417, 6, 6, '2024-05-13 00:00:00', 8426),
(1418, 4, 4, '2024-01-17 00:00:00', 8461),
(1419, 1, 1, '2024-08-04 00:00:00', 8474),
(1420, 1, 1, '2024-05-17 00:00:00', 8488),
(1421, 1, 2, '2024-10-05 00:00:00', 8496),
(1422, 1, 1, '2024-08-22 00:00:00', 8519),
(1423, 2, 2, '2024-10-20 00:00:00', 8524),
(1424, 3, 4, '2024-10-07 00:00:00', 8550),
(1425, 4, 5, '2024-05-12 00:00:00', 8576),
(1426, 6, 6, '2024-06-18 00:00:00', 8638),
(1427, 1, 2, '2024-01-28 00:00:00', 8642),
(1428, 5, 5, '2024-10-14 00:00:00', 8647),
(1429, 5, 6, '2024-03-08 00:00:00', 8687),
(1430, 1, 1, '2024-10-01 00:00:00', 8717),
(1431, 3, 4, '2024-11-11 00:00:00', 8724),
(1432, 6, 6, '2024-07-11 00:00:00', 8729),
(1433, 5, 6, '2024-09-12 00:00:00', 8737),
(1434, 6, 6, '2024-10-27 00:00:00', 8738),
(1435, 1, 1, '2024-10-22 00:00:00', 8739),
(1436, 1, 2, '2024-06-09 00:00:00', 8768),
(1437, 1, 2, '2024-06-16 00:00:00', 8780),
(1438, 1, 2, '2024-07-08 00:00:00', 8796),
(1439, 1, 2, '2024-03-11 00:00:00', 8801),
(1440, 4, 4, '2024-06-10 00:00:00', 8813),
(1441, 3, 3, '2024-08-02 00:00:00', 8847),
(1442, 1, 2, '2024-09-01 00:00:00', 8854),
(1443, 1, 1, '2024-09-11 00:00:00', 8878),
(1444, 1, 1, '2024-11-15 00:00:00', 8907),
(1445, 4, 5, '2024-05-02 00:00:00', 8932),
(1446, 4, 4, '2024-05-23 00:00:00', 8979),
(1447, 1, 2, '2024-04-25 00:00:00', 9007),
(1448, 4, 4, '2024-08-16 00:00:00', 9027),
(1449, 6, 6, '2024-03-29 00:00:00', 9028),
(1450, 3, 4, '2024-03-22 00:00:00', 9070),
(1451, 6, 6, '2024-08-17 00:00:00', 9075),
(1452, 3, 4, '2024-09-26 00:00:00', 9107),
(1453, 6, 6, '2024-05-03 00:00:00', 9109),
(1454, 1, 2, '2024-09-30 00:00:00', 9111),
(1455, 3, 3, '2024-08-13 00:00:00', 9119),
(1456, 2, 2, '2024-04-13 00:00:00', 9120),
(1457, 1, 1, '2024-08-08 00:00:00', 9123),
(1458, 1, 2, '2024-09-19 00:00:00', 9143),
(1459, 5, 5, '2024-08-20 00:00:00', 9154),
(1460, 1, 2, '2024-05-24 00:00:00', 9173),
(1461, 3, 3, '2024-08-13 00:00:00', 9175),
(1462, 2, 2, '2024-06-11 00:00:00', 9198),
(1463, 1, 2, '2024-07-29 00:00:00', 9216),
(1464, 1, 2, '2024-09-25 00:00:00', 9250),
(1465, 5, 6, '2024-08-30 00:00:00', 9252),
(1466, 6, 6, '2024-10-13 00:00:00', 9253),
(1467, 5, 5, '2024-03-07 00:00:00', 9267),
(1468, 5, 5, '2024-09-02 00:00:00', 9269),
(1469, 6, 6, '2024-08-08 00:00:00', 9307),
(1470, 3, 3, '2024-07-01 00:00:00', 9316),
(1471, 2, 2, '2024-02-17 00:00:00', 9325),
(1472, 6, 6, '2024-03-17 00:00:00', 9338),
(1473, 3, 4, '2024-07-04 00:00:00', 9385),
(1474, 5, 6, '2024-11-02 00:00:00', 9405),
(1475, 1, 2, '2024-05-03 00:00:00', 9455),
(1476, 2, 3, '2024-10-16 00:00:00', 9513),
(1477, 2, 3, '2024-09-21 00:00:00', 9514),
(1478, 5, 6, '2024-10-10 00:00:00', 9529),
(1479, 3, 3, '2024-05-14 00:00:00', 9541),
(1480, 4, 5, '2024-07-02 00:00:00', 9603),
(1481, 1, 1, '2024-05-07 00:00:00', 9623),
(1482, 2, 3, '2024-05-19 00:00:00', 9679),
(1483, 4, 4, '2024-11-02 00:00:00', 9692),
(1484, 3, 3, '2024-10-01 00:00:00', 9696),
(1485, 1, 1, '2024-05-26 00:00:00', 9719),
(1486, 4, 5, '2024-07-31 00:00:00', 9764),
(1487, 2, 2, '2024-05-23 00:00:00', 9773),
(1488, 3, 3, '2024-03-04 00:00:00', 9849),
(1489, 1, 1, '2024-09-14 00:00:00', 9879),
(1490, 4, 5, '2024-04-26 00:00:00', 9881),
(1491, 4, 4, '2024-01-26 00:00:00', 9900),
(1492, 3, 3, '2024-11-23 00:00:00', 9915),
(1493, 2, 2, '2024-11-08 00:00:00', 9916),
(1494, 1, 2, '2024-02-04 00:00:00', 9918),
(1495, 1, 2, '2024-07-02 00:00:00', 9922),
(1496, 4, 4, '2024-06-22 00:00:00', 9932),
(1497, 3, 3, '2024-09-28 00:00:00', 9942),
(1498, 6, 6, '2024-05-17 00:00:00', 9951),
(1499, 4, 4, '2024-11-25 00:00:00', 9966);

-- --------------------------------------------------------

--
-- Estructura de tabla para la tabla `roles`
--

CREATE TABLE `roles` (
  `idrol` int(2) NOT NULL,
  `rol` varchar(20) DEFAULT NULL
) ENGINE=InnoDB DEFAULT CHARSET=utf8mb4 COLLATE=utf8mb4_general_ci;

--
-- Volcado de datos para la tabla `roles`
--

INSERT INTO `roles` (`idrol`, `rol`) VALUES
(1, 'administrador'),
(2, 'cliente');

-- --------------------------------------------------------

--
-- Estructura de tabla para la tabla `salas_de_informatica`
--

CREATE TABLE `salas_de_informatica` (
  `idsala` int(11) NOT NULL,
  `elementosdelaula` varchar(999) NOT NULL,
  `estado` varchar(20) NOT NULL,
  `numerodesalon` int(11) NOT NULL,
  `idBloque` varchar(40) NOT NULL
) ENGINE=InnoDB DEFAULT CHARSET=utf8mb4 COLLATE=utf8mb4_general_ci;

--
-- Volcado de datos para la tabla `salas_de_informatica`
--

INSERT INTO `salas_de_informatica` (`idsala`, `elementosdelaula`, `estado`, `numerodesalon`, `idBloque`) VALUES
(1100, 'Alec', 'Disponible', 100, '1'),
(1101, 'Andrés', 'No Disponible', 101, '1'),
(1102, 'Echavarría', 'Disponible', 102, '1'),
(1103, 'Sierra', 'Disponible', 103, '1'),
(2100, '', 'Disponible', 100, '2'),
(2101, '', 'Disponible', 101, '2'),
(2102, '', 'En Mantenimiento', 102, '2');

-- --------------------------------------------------------

--
-- Estructura de tabla para la tabla `usuarios`
--

CREATE TABLE `usuarios` (
  `Idusuario` int(11) NOT NULL,
  `correo` varchar(300) NOT NULL,
  `nombre` varchar(50) NOT NULL,
  `apellido` varchar(50) NOT NULL,
  `usuario` varchar(50) NOT NULL,
  `contrasena` varchar(50) NOT NULL,
  `numero_documento` int(66) NOT NULL,
  `tipo_documento` varchar(66) NOT NULL,
  `idrol` int(2) NOT NULL
) ENGINE=InnoDB DEFAULT CHARSET=utf8mb4 COLLATE=utf8mb4_general_ci;

--
-- Volcado de datos para la tabla `usuarios`
--

INSERT INTO `usuarios` (`Idusuario`, `correo`, `nombre`, `apellido`, `usuario`, `contrasena`, `numero_documento`, `tipo_documento`, `idrol`) VALUES
(13, 'prueba@prueba.com', 'prueba', 'prueba', 'prueba', 'prueba', 123, 'prueba', 1),
(1024, 'administrador@example.com', 'administrador', 'administrador', 'admin', 'admin123', 2147483647, 'Cedula de Ciudadania', 1),
(1078, 'yeisontenyson@example.com', 'Yeison', 'Tenyson', '', '', 1462278780, 'Cedula de Ciudadania', 2),
(1084, 'jhongaleano@example.com', 'Jhon', 'Galeano', '', '', 1845030110, 'Cedula de Ciudadania', 2),
(1101, 'victormaldonad@example.com', 'Victor', 'Maldonado', '', '', 2147483647, 'Cedula de Ciudadania', 2),
(1103, 'kevingaleano@example.com', 'Kevin', 'Galeano', '', '', 2147483647, 'Cedula de Ciudadania', 2),
(1111, 'estibenpulgarin@example.com', 'Estiben', 'Pulgarin', '', '', 2147483647, 'Cedula de Ciudadania', 2),
(1121, 'esneydergaleano@example.com', 'Esneyder', 'Galeano', '', '', 1805478546, 'Cedula de Ciudadania', 2),
(1137, 'estibenmaldonad@example.com', 'Estiben', 'Maldonado', '', '', 1964468376, 'Cedula de Ciudadania', 2),
(1156, 'juaneleven@example.com', 'Juan', 'Eleven', '', '', 1713197119, 'Cedula de Ciudadania', 2),
(1162, 'mariatenyson@example.com', 'Maria', 'Tenyson', '', '', 1946981033, 'Cedula de Ciudadania', 2),
(1199, 'yeisonisaza@example.com', 'Yeison', 'Isaza', '', '', 1828220781, 'Cedula de Ciudadania', 2),
(1216, 'mariasierra@example.com', 'Maria', 'Sierra', '', '', 2147483647, 'Cedula de Ciudadania', 2),
(1222, 'alecorozco@example.com', 'Alec', 'Orozco', '', '', 1414448205, 'Cedula de Ciudadania', 2),
(1271, 'kevinvallejo@example.com', 'Kevin', 'Vallejo', '', '', 1112887162, 'Cedula de Ciudadania', 2),
(1272, 'danielorozco@example.com', 'Daniel', 'Orozco', '', '', 1592298056, 'Cedula de Ciudadania', 2),
(1275, 'jhonmaldonad@example.com', 'Jhon', 'Maldonado', '', '', 1885275610, 'Cedula de Ciudadania', 2),
(1278, 'alecsabas@example.com', 'Alec', 'Sabas', '', '', 1494872597, 'Cedula de Ciudadania', 2),
(1317, 'estibenmaldonad@example.com', 'Estiben', 'Maldonado', '', '', 1402182197, 'Cedula de Ciudadania', 2),
(1323, 'yeisonlondoño@example.com', 'Yeison', 'Londoño', '', '', 1862899403, 'Cedula de Ciudadania', 2),
(1335, 'manuelisaza@example.com', 'Manuel', 'Isaza', '', '', 2147483647, 'Cedula de Ciudadania', 2),
(1360, 'danielgarcia@example.com', 'Daniel', 'Garcia', '', '', 1102878227, 'Cedula de Ciudadania', 2),
(1382, 'yeisontenyson@example.com', 'Yeison', 'Tenyson', '', '', 1911058995, 'Cedula de Ciudadania', 2),
(1387, 'mateosabas@example.com', 'Mateo', 'Sabas', '', '', 2147483647, 'Cedula de Ciudadania', 2),
(1437, 'estibencaro@example.com', 'Estiben', 'Caro', '', '', 1114470609, 'Cedula de Ciudadania', 2),
(1441, 'pablosabas@example.com', 'Pablo', 'Sabas', '', '', 2147483647, 'Cedula de Ciudadania', 2),
(1461, 'yeisongomez@example.com', 'Yeison', 'Gomez', '', '', 1623265331, 'Cedula de Ciudadania', 2),
(1466, 'yeisonorozco@example.com', 'Yeison', 'Orozco', '', '', 1257944688, 'Cedula de Ciudadania', 2),
(1501, 'victorgomez@example.com', 'Victor', 'Gomez', '', '', 2136260865, 'Cedula de Ciudadania', 2),
(1503, 'mateobran@example.com', 'Mateo', 'Bran', '', '', 2147483647, 'Cedula de Ciudadania', 2),
(1509, 'juanlondoño@example.com', 'Juan', 'Londoño', '', '', 1775273452, 'Cedula de Ciudadania', 2),
(1523, 'mariaechavarr@example.com', 'Maria', 'Echavarria', '', '', 1329012798, 'Cedula de Ciudadania', 2),
(1540, 'victorvallejo@example.com', 'Victor', 'Vallejo', '', '', 2095246836, 'Cedula de Ciudadania', 2),
(1545, 'kevinechavarr@example.com', 'Kevin', 'Echavarria', '', '', 2147483647, 'Cedula de Ciudadania', 2),
(1565, 'yeisongomez@example.com', 'Yeison', 'Gomez', '', '', 1622522327, 'Cedula de Ciudadania', 2),
(1585, 'estibenlondoño@example.com', 'Estiben', 'Londoño', '', '', 2147483647, 'Cedula de Ciudadania', 2),
(1586, 'kevinisaza@example.com', 'Kevin', 'Isaza', '', '', 1771670962, 'Cedula de Ciudadania', 2),
(1593, 'andréseleven@example.com', 'Andrés', 'Eleven', '', '', 1099987224, 'Cedula de Ciudadania', 2),
(1598, 'estibenechavarr@example.com', 'Estiben', 'Echavarria', '', '', 1502742131, 'Cedula de Ciudadania', 2),
(1627, 'maycolmosquera@example.com', 'Maycol', 'Mosquera', '', '', 2147483647, 'Cedula de Ciudadania', 2),
(1634, 'baironechavarr@example.com', 'Bairon', 'Echavarria', '', '', 2147483647, 'Cedula de Ciudadania', 2),
(1658, 'estibensierra@example.com', 'Estiben', 'Sierra', '', '', 1233491775, 'Cedula de Ciudadania', 2),
(1664, 'jhonmosquera@example.com', 'Jhon', 'Mosquera', '', '', 2040492160, 'Cedula de Ciudadania', 2),
(1671, 'maycolpalacio@example.com', 'Maycol', 'Palacio', '', '', 1202226409, 'Cedula de Ciudadania', 2),
(1684, 'samueleleven@example.com', 'Samuel', 'Eleven', '', '', 1576755881, 'Cedula de Ciudadania', 2),
(1699, 'jhonvallejo@example.com', 'Jhon', 'Vallejo', '', '', 1441273273, 'Cedula de Ciudadania', 2),
(1725, 'yeisonvallejo@example.com', 'Yeison', 'Vallejo', '', '', 1768103709, 'Cedula de Ciudadania', 2),
(1748, 'maycolvallejo@example.com', 'Maycol', 'Vallejo', '', '', 1347755508, 'Cedula de Ciudadania', 2),
(1758, 'andrésgarcia@example.com', 'Andrés', 'Garcia', '', '', 1539175455, 'Cedula de Ciudadania', 2),
(1759, 'jhonechavarr@example.com', 'Jhon', 'Echavarria', '', '', 2026168000, 'Cedula de Ciudadania', 2),
(1777, 'samueltenyson@example.com', 'Samuel', 'Tenyson', '', '', 1026783660, 'Cedula de Ciudadania', 2),
(1778, 'estibenbran@example.com', 'Estiben', 'Bran', '', '', 1332013657, 'Cedula de Ciudadania', 2),
(1779, 'jhonsabas@example.com', 'Jhon', 'Sabas', '', '', 2147483647, 'Cedula de Ciudadania', 2),
(1798, 'mariabran@example.com', 'Maria', 'Bran', '', '', 1298272843, 'Cedula de Ciudadania', 2),
(1807, 'benjamineleven@example.com', 'Benjamin', 'Eleven', '', '', 1001989121, 'Cedula de Ciudadania', 2),
(1812, 'esneydergarcia@example.com', 'Esneyder', 'Garcia', '', '', 1197217044, 'Cedula de Ciudadania', 2),
(1857, 'yeisonsierra@example.com', 'Yeison', 'Sierra', '', '', 2147483647, 'Cedula de Ciudadania', 2),
(1862, 'esneyderechavarr@example.com', 'Esneyder', 'Echavarria', '', '', 2147483647, 'Cedula de Ciudadania', 2),
(1885, 'mateopalacio@example.com', 'Mateo', 'Palacio', '', '', 1722303555, 'Cedula de Ciudadania', 2),
(1916, 'mariaorozco@example.com', 'Maria', 'Orozco', '', '', 1049076965, 'Cedula de Ciudadania', 2),
(1922, 'yeisonpalacio@example.com', 'Yeison', 'Palacio', '', '', 1317500927, 'Cedula de Ciudadania', 2),
(1932, 'pablolondoño@example.com', 'Pablo', 'Londoño', '', '', 1643843915, 'Cedula de Ciudadania', 2),
(1934, 'pablotenyson@example.com', 'Pablo', 'Tenyson', '', '', 2147483647, 'Cedula de Ciudadania', 2),
(1958, 'esneyderechavarr@example.com', 'Esneyder', 'Echavarria', '', '', 2147483647, 'Cedula de Ciudadania', 2),
(1976, 'alectenyson@example.com', 'Alec', 'Tenyson', '', '', 1507312291, 'Cedula de Ciudadania', 2),
(1977, 'aleceleven@example.com', 'Alec', 'Eleven', '', '', 2147483647, 'Cedula de Ciudadania', 2),
(2006, 'esneyderlondoño@example.com', 'Esneyder', 'Londoño', '', '', 1455625600, 'Cedula de Ciudadania', 2),
(2014, 'pablogarcia@example.com', 'Pablo', 'Garcia', '', '', 2147483647, 'Cedula de Ciudadania', 2),
(2020, 'jhonsabas@example.com', 'Jhon', 'Sabas', '', '', 1384111130, 'Cedula de Ciudadania', 2),
(2032, 'esneyderechavarr@example.com', 'Esneyder', 'Echavarria', '', '', 2147483647, 'Cedula de Ciudadania', 2),
(2101, 'mateogaleano@example.com', 'Mateo', 'Galeano', '', '', 2147483647, 'Cedula de Ciudadania', 2),
(2116, 'maycoltenyson@example.com', 'Maycol', 'Tenyson', '', '', 1429259681, 'Cedula de Ciudadania', 2),
(2120, 'miguellondoño@example.com', 'Miguel', 'Londoño', '', '', 2147483647, 'Cedula de Ciudadania', 2),
(2125, 'victoreleven@example.com', 'Victor', 'Eleven', '', '', 2147483647, 'Cedula de Ciudadania', 2),
(2133, 'baironlondoño@example.com', 'Bairon', 'Londoño', '', '', 2147483647, 'Cedula de Ciudadania', 2),
(2138, 'baironpulgarin@example.com', 'Bairon', 'Pulgarin', '', '', 1838250687, 'Cedula de Ciudadania', 2),
(2158, 'baironisaza@example.com', 'Bairon', 'Isaza', '', '', 2147483647, 'Cedula de Ciudadania', 2),
(2180, 'mariaisaza@example.com', 'Maria', 'Isaza', '', '', 2147483647, 'Cedula de Ciudadania', 2),
(2214, 'yeisonpalacio@example.com', 'Yeison', 'Palacio', '', '', 1281743384, 'Cedula de Ciudadania', 2),
(2219, 'andrésbran@example.com', 'Andrés', 'Bran', '', '', 1937902253, 'Cedula de Ciudadania', 2),
(2220, 'juangarcia@example.com', 'Juan', 'Garcia', '', '', 2147483647, 'Cedula de Ciudadania', 2),
(2222, 'brayanpulgarin@example.com', 'Brayan', 'Pulgarin', '', '', 1503218066, 'Cedula de Ciudadania', 2),
(2233, 'mariasierra@example.com', 'Maria', 'Sierra', '', '', 2147483647, 'Cedula de Ciudadania', 2),
(2254, 'brayanlondoño@example.com', 'Brayan', 'Londoño', '', '', 2147483647, 'Cedula de Ciudadania', 2),
(2266, 'maycolpalacio@example.com', 'Maycol', 'Palacio', '', '', 1303698673, 'Cedula de Ciudadania', 2),
(2282, 'mateopalacio@example.com', 'Mateo', 'Palacio', '', '', 1877717978, 'Cedula de Ciudadania', 2),
(2311, 'mariagarcia@example.com', 'Maria', 'Garcia', '', '', 2147483647, 'Cedula de Ciudadania', 2),
(2321, 'juancaro@example.com', 'Juan', 'Caro', '', '', 2147483647, 'Cedula de Ciudadania', 2),
(2364, 'brayanlondoño@example.com', 'Brayan', 'Londoño', '', '', 1083422897, 'Cedula de Ciudadania', 2),
(2376, 'benjaminmartinez@example.com', 'Benjamin', 'Martinez', '', '', 2147483647, 'Cedula de Ciudadania', 2),
(2378, 'victortenyson@example.com', 'Victor', 'Tenyson', '', '', 1205800187, 'Cedula de Ciudadania', 2),
(2389, 'maycolvallejo@example.com', 'Maycol', 'Vallejo', '', '', 2147483647, 'Cedula de Ciudadania', 2),
(2390, 'baironcaro@example.com', 'Bairon', 'Caro', '', '', 2060895725, 'Cedula de Ciudadania', 2),
(2393, 'benjamineleven@example.com', 'Benjamin', 'Eleven', '', '', 2147483647, 'Cedula de Ciudadania', 2),
(2408, 'jhonvallejo@example.com', 'Jhon', 'Vallejo', '', '', 2147483647, 'Cedula de Ciudadania', 2),
(2429, 'mateopulgarin@example.com', 'Mateo', 'Pulgarin', '', '', 2147483647, 'Cedula de Ciudadania', 2),
(2438, 'samuelvallejo@example.com', 'Samuel', 'Vallejo', '', '', 2102119829, 'Cedula de Ciudadania', 2),
(2449, 'kevingarcia@example.com', 'Kevin', 'Garcia', '', '', 2147483647, 'Cedula de Ciudadania', 2),
(2452, 'jhonbran@example.com', 'Jhon', 'Bran', '', '', 2147483647, 'Cedula de Ciudadania', 2),
(2514, 'victorisaza@example.com', 'Victor', 'Isaza', '', '', 1424562009, 'Cedula de Ciudadania', 2),
(2543, 'mariaisaza@example.com', 'Maria', 'Isaza', '', '', 2147483647, 'Cedula de Ciudadania', 2),
(2552, 'manuelmosquera@example.com', 'Manuel', 'Mosquera', '', '', 1480373686, 'Cedula de Ciudadania', 2),
(2571, 'samuelbran@example.com', 'Samuel', 'Bran', '', '', 2147483647, 'Cedula de Ciudadania', 2),
(2573, 'mateolondoño@example.com', 'Mateo', 'Londoño', '', '', 2147483647, 'Cedula de Ciudadania', 2),
(2606, 'maycolgarcia@example.com', 'Maycol', 'Garcia', '', '', 1057492457, 'Cedula de Ciudadania', 2),
(2617, 'maycolgarcia@example.com', 'Maycol', 'Garcia', '', '', 2147483647, 'Cedula de Ciudadania', 2),
(2623, 'mariaeleven@example.com', 'Maria', 'Eleven', '', '', 1006164315, 'Cedula de Ciudadania', 2),
(2631, 'juangarcia@example.com', 'Juan', 'Garcia', '', '', 2147483647, 'Cedula de Ciudadania', 2),
(2639, 'andrésgaleano@example.com', 'Andrés', 'Galeano', '', '', 1659848822, 'Cedula de Ciudadania', 2),
(2656, 'benjaminpulgarin@example.com', 'Benjamin', 'Pulgarin', '', '', 2147483647, 'Cedula de Ciudadania', 2),
(2667, 'brayanlondoño@example.com', 'Brayan', 'Londoño', '', '', 1177538594, 'Cedula de Ciudadania', 2),
(2674, 'pablogarcia@example.com', 'Pablo', 'Garcia', '', '', 2147483647, 'Cedula de Ciudadania', 2),
(2749, 'benjaminpulgarin@example.com', 'Benjamin', 'Pulgarin', '', '', 1872930410, 'Cedula de Ciudadania', 2),
(2750, 'maycolmaldonad@example.com', 'Maycol', 'Maldonado', '', '', 1594808654, 'Cedula de Ciudadania', 2),
(2767, 'juansierra@example.com', 'Juan', 'Sierra', '', '', 2147483647, 'Cedula de Ciudadania', 2),
(2787, 'mateolondoño@example.com', 'Mateo', 'Londoño', '', '', 1200050521, 'Cedula de Ciudadania', 2),
(2801, 'alectenyson@example.com', 'Alec', 'Tenyson', '', '', 1175207768, 'Cedula de Ciudadania', 2),
(2821, 'maycolgaleano@example.com', 'Maycol', 'Galeano', '', '', 1873898770, 'Cedula de Ciudadania', 2),
(2827, 'brayanpalacio@example.com', 'Brayan', 'Palacio', '', '', 2147483647, 'Cedula de Ciudadania', 2),
(2828, 'aleccaro@example.com', 'Alec', 'Caro', '', '', 2147483647, 'Cedula de Ciudadania', 2),
(2847, 'mateogarcia@example.com', 'Mateo', 'Garcia', '', '', 2147483647, 'Cedula de Ciudadania', 2),
(2877, 'samuelsabas@example.com', 'Samuel', 'Sabas', '', '', 1171259306, 'Cedula de Ciudadania', 2),
(2887, 'maycollondoño@example.com', 'Maycol', 'Londoño', '', '', 2147483647, 'Cedula de Ciudadania', 2),
(2895, 'mateoechavarr@example.com', 'Mateo', 'Echavarria', '', '', 2147483647, 'Cedula de Ciudadania', 2),
(2899, 'brayanorozco@example.com', 'Brayan', 'Orozco', '', '', 1462161345, 'Cedula de Ciudadania', 2),
(2903, 'estibensabas@example.com', 'Estiben', 'Sabas', '', '', 2147483647, 'Cedula de Ciudadania', 2),
(2920, 'benjamineleven@example.com', 'Benjamin', 'Eleven', '', '', 1845829881, 'Cedula de Ciudadania', 2),
(2927, 'estibenbran@example.com', 'Estiben', 'Bran', '', '', 2147483647, 'Cedula de Ciudadania', 2),
(2977, 'maycolmosquera@example.com', 'Maycol', 'Mosquera', '', '', 2147483647, 'Cedula de Ciudadania', 2),
(2985, 'danielcaro@example.com', 'Daniel', 'Caro', '', '', 1435559848, 'Cedula de Ciudadania', 2),
(2993, 'pablobran@example.com', 'Pablo', 'Bran', '', '', 2147483647, 'Cedula de Ciudadania', 2),
(3018, 'kevintenyson@example.com', 'Kevin', 'Tenyson', '', '', 1293731554, 'Cedula de Ciudadania', 2),
(3089, 'benjaminmartinez@example.com', 'Benjamin', 'Martinez', '', '', 2147483647, 'Cedula de Ciudadania', 2),
(3096, 'maycolpalacio@example.com', 'Maycol', 'Palacio', '', '', 2147483647, 'Cedula de Ciudadania', 2),
(3118, 'victormaldonad@example.com', 'Victor', 'Maldonado', '', '', 1975702293, 'Cedula de Ciudadania', 2),
(3123, 'mariaorozco@example.com', 'Maria', 'Orozco', '', '', 1813028219, 'Cedula de Ciudadania', 2),
(3125, 'maycollondoño@example.com', 'Maycol', 'Londoño', '', '', 2147483647, 'Cedula de Ciudadania', 2),
(3197, 'juansierra@example.com', 'Juan', 'Sierra', '', '', 1676217641, 'Cedula de Ciudadania', 2),
(3206, 'pablocaro@example.com', 'Pablo', 'Caro', '', '', 2147483647, 'Cedula de Ciudadania', 2),
(3213, 'bairongomez@example.com', 'Bairon', 'Gomez', '', '', 2047473669, 'Cedula de Ciudadania', 2),
(3214, 'samuellondoño@example.com', 'Samuel', 'Londoño', '', '', 1358421895, 'Cedula de Ciudadania', 2),
(3224, 'manueleleven@example.com', 'Manuel', 'Eleven', '', '', 2147483647, 'Cedula de Ciudadania', 2),
(3240, 'kevinlondoño@example.com', 'Kevin', 'Londoño', '', '', 1890897460, 'Cedula de Ciudadania', 2),
(3255, 'mateoechavarr@example.com', 'Mateo', 'Echavarria', '', '', 2147483647, 'Cedula de Ciudadania', 2),
(3262, 'benjaminvallejo@example.com', 'Benjamin', 'Vallejo', '', '', 1604209210, 'Cedula de Ciudadania', 2),
(3276, 'victorechavarr@example.com', 'Victor', 'Echavarria', '', '', 1182559656, 'Cedula de Ciudadania', 2),
(3285, 'maycolmaldonad@example.com', 'Maycol', 'Maldonado', '', '', 1947563258, 'Cedula de Ciudadania', 2),
(3290, 'manuelmaldonad@example.com', 'Manuel', 'Maldonado', '', '', 2147483647, 'Cedula de Ciudadania', 2),
(3325, 'esneyderechavarr@example.com', 'Esneyder', 'Echavarria', '', '', 1239953914, 'Cedula de Ciudadania', 2),
(3383, 'alecgaleano@example.com', 'Alec', 'Galeano', '', '', 2147483647, 'Cedula de Ciudadania', 2),
(3395, 'kevinpulgarin@example.com', 'Kevin', 'Pulgarin', '', '', 2147483647, 'Cedula de Ciudadania', 2),
(3408, 'maycolgomez@example.com', 'Maycol', 'Gomez', '', '', 1223444498, 'Cedula de Ciudadania', 2),
(3424, 'migueleleven@example.com', 'Miguel', 'Eleven', '', '', 1774726382, 'Cedula de Ciudadania', 2),
(3462, 'alecpalacio@example.com', 'Alec', 'Palacio', '', '', 2112970436, 'Cedula de Ciudadania', 2),
(3464, 'juanvallejo@example.com', 'Juan', 'Vallejo', '', '', 2147483647, 'Cedula de Ciudadania', 2),
(3526, 'alecmartinez@example.com', 'Alec', 'Martinez', '', '', 1913978749, 'Cedula de Ciudadania', 2),
(3528, 'esneyderisaza@example.com', 'Esneyder', 'Isaza', '', '', 2121376799, 'Cedula de Ciudadania', 2),
(3560, 'miguelechavarr@example.com', 'Miguel', 'Echavarria', '', '', 2147483647, 'Cedula de Ciudadania', 2),
(3579, 'brayanpulgarin@example.com', 'Brayan', 'Pulgarin', '', '', 1478903883, 'Cedula de Ciudadania', 2),
(3594, 'benjaminmartinez@example.com', 'Benjamin', 'Martinez', '', '', 1354703646, 'Cedula de Ciudadania', 2),
(3595, 'danielpulgarin@example.com', 'Daniel', 'Pulgarin', '', '', 2147483647, 'Cedula de Ciudadania', 2),
(3604, 'jhonisaza@example.com', 'Jhon', 'Isaza', '', '', 2147483647, 'Cedula de Ciudadania', 2),
(3616, 'maycollondoño@example.com', 'Maycol', 'Londoño', '', '', 2147483647, 'Cedula de Ciudadania', 2),
(3619, 'benjaminechavarr@example.com', 'Benjamin', 'Echavarria', '', '', 1236375356, 'Cedula de Ciudadania', 2),
(3705, 'kevinbran@example.com', 'Kevin', 'Bran', '', '', 2147483647, 'Cedula de Ciudadania', 2),
(3722, 'danielbran@example.com', 'Daniel', 'Bran', '', '', 1807101351, 'Cedula de Ciudadania', 2),
(3729, 'yeisonmartinez@example.com', 'Yeison', 'Martinez', '', '', 2147483647, 'Cedula de Ciudadania', 2),
(3745, 'esneydermartinez@example.com', 'Esneyder', 'Martinez', '', '', 2147483647, 'Cedula de Ciudadania', 2),
(3820, 'aleclondoño@example.com', 'Alec', 'Londoño', '', '', 2058494477, 'Cedula de Ciudadania', 2),
(3832, 'maycolvallejo@example.com', 'Maycol', 'Vallejo', '', '', 1734670376, 'Cedula de Ciudadania', 2),
(3892, 'victorsierra@example.com', 'Victor', 'Sierra', '', '', 1621950186, 'Cedula de Ciudadania', 2),
(3893, 'jhonisaza@example.com', 'Jhon', 'Isaza', '', '', 1766974455, 'Cedula de Ciudadania', 2),
(3894, 'jhonisaza@example.com', 'Jhon', 'Isaza', '', '', 2147483647, 'Cedula de Ciudadania', 2),
(3919, 'samuelechavarr@example.com', 'Samuel', 'Echavarria', '', '', 2147483647, 'Cedula de Ciudadania', 2),
(3922, 'samuelmaldonad@example.com', 'Samuel', 'Maldonado', '', '', 1398798661, 'Cedula de Ciudadania', 2),
(3939, 'alecpalacio@example.com', 'Alec', 'Palacio', '', '', 1851556461, 'Cedula de Ciudadania', 2),
(3940, 'kevinpalacio@example.com', 'Kevin', 'Palacio', '', '', 1710102939, 'Cedula de Ciudadania', 2),
(3997, 'andréspalacio@example.com', 'Andrés', 'Palacio', '', '', 1642209082, 'Cedula de Ciudadania', 2),
(4007, 'yeisonvallejo@example.com', 'Yeison', 'Vallejo', '', '', 2147483647, 'Cedula de Ciudadania', 2),
(4010, 'andréscaro@example.com', 'Andrés', 'Caro', '', '', 2147483647, 'Cedula de Ciudadania', 2),
(4041, 'juanpulgarin@example.com', 'Juan', 'Pulgarin', '', '', 2147483647, 'Cedula de Ciudadania', 2),
(4075, 'miguelechavarr@example.com', 'Miguel', 'Echavarria', '', '', 2074833684, 'Cedula de Ciudadania', 2),
(4094, 'samuelcaro@example.com', 'Samuel', 'Caro', '', '', 2147483647, 'Cedula de Ciudadania', 2),
(4120, 'brayanbran@example.com', 'Brayan', 'Bran', '', '', 2147483647, 'Cedula de Ciudadania', 2),
(4159, 'danielgarcia@example.com', 'Daniel', 'Garcia', '', '', 1204279975, 'Cedula de Ciudadania', 2),
(4198, 'yeisonmartinez@example.com', 'Yeison', 'Martinez', '', '', 2147483647, 'Cedula de Ciudadania', 2),
(4236, 'yeisoncaro@example.com', 'Yeison', 'Caro', '', '', 2147483647, 'Cedula de Ciudadania', 2),
(4248, 'mateoorozco@example.com', 'Mateo', 'Orozco', '', '', 1312285932, 'Cedula de Ciudadania', 2),
(4257, 'samuelpulgarin@example.com', 'Samuel', 'Pulgarin', '', '', 2100994782, 'Cedula de Ciudadania', 2),
(4264, 'bairontenyson@example.com', 'Bairon', 'Tenyson', '', '', 2147483647, 'Cedula de Ciudadania', 2),
(4265, 'yeisoncastrill@example.com', 'Yeison', 'Castrillon', '', '', 1505152065, 'Cedula de Ciudadania', 2),
(4281, 'benjaminisaza@example.com', 'Benjamin', 'Isaza', '', '', 1539043311, 'Cedula de Ciudadania', 2),
(4284, 'kevinorozco@example.com', 'Kevin', 'Orozco', '', '', 2147483647, 'Cedula de Ciudadania', 2),
(4311, 'manuelgomez@example.com', 'Manuel', 'Gomez', '', '', 2147483647, 'Cedula de Ciudadania', 2),
(4312, 'pablomartinez@example.com', 'Pablo', 'Martinez', '', '', 2147483647, 'Cedula de Ciudadania', 2),
(4325, 'andréspalacio@example.com', 'Andrés', 'Palacio', '', '', 1109963757, 'Cedula de Ciudadania', 2),
(4332, 'mariaechavarr@example.com', 'Maria', 'Echavarria', '', '', 1873911709, 'Cedula de Ciudadania', 2),
(4355, 'pablovallejo@example.com', 'Pablo', 'Vallejo', '', '', 2147483647, 'Cedula de Ciudadania', 2),
(4359, 'brayancastrill@example.com', 'Brayan', 'Castrillon', '', '', 1754505657, 'Cedula de Ciudadania', 2),
(4360, 'estibenpalacio@example.com', 'Estiben', 'Palacio', '', '', 1796473422, 'Cedula de Ciudadania', 2),
(4371, 'danielmaldonad@example.com', 'Daniel', 'Maldonado', '', '', 2044524514, 'Cedula de Ciudadania', 2),
(4379, 'manuelpalacio@example.com', 'Manuel', 'Palacio', '', '', 2147483647, 'Cedula de Ciudadania', 2),
(4399, 'andrésbran@example.com', 'Andrés', 'Bran', '', '', 1040576646, 'Cedula de Ciudadania', 2),
(4400, 'miguelcaro@example.com', 'Miguel', 'Caro', '', '', 2147483647, 'Cedula de Ciudadania', 2),
(4428, 'victormartinez@example.com', 'Victor', 'Martinez', '', '', 2147483647, 'Cedula de Ciudadania', 2),
(4469, 'andréstenyson@example.com', 'Andrés', 'Tenyson', '', '', 1592158537, 'Cedula de Ciudadania', 2),
(4479, 'mateosierra@example.com', 'Mateo', 'Sierra', '', '', 2147483647, 'Cedula de Ciudadania', 2),
(4488, 'andrésorozco@example.com', 'Andrés', 'Orozco', '', '', 2147483647, 'Cedula de Ciudadania', 2),
(4516, 'mariagomez@example.com', 'Maria', 'Gomez', '', '', 1011261234, 'Cedula de Ciudadania', 2),
(4525, 'kevincastrill@example.com', 'Kevin', 'Castrillon', '', '', 1963758853, 'Cedula de Ciudadania', 2),
(4556, 'mateopulgarin@example.com', 'Mateo', 'Pulgarin', '', '', 1823805699, 'Cedula de Ciudadania', 2),
(4566, 'benjaminorozco@example.com', 'Benjamin', 'Orozco', '', '', 1808917635, 'Cedula de Ciudadania', 2),
(4567, 'pablomaldonad@example.com', 'Pablo', 'Maldonado', '', '', 2147483647, 'Cedula de Ciudadania', 2),
(4573, 'mariaorozco@example.com', 'Maria', 'Orozco', '', '', 1978077446, 'Cedula de Ciudadania', 2),
(4583, 'andrésgaleano@example.com', 'Andrés', 'Galeano', '', '', 2147483647, 'Cedula de Ciudadania', 2),
(4605, 'bairongomez@example.com', 'Bairon', 'Gomez', '', '', 1941578137, 'Cedula de Ciudadania', 2),
(4610, 'danieleleven@example.com', 'Daniel', 'Eleven', '', '', 1333065937, 'Cedula de Ciudadania', 2),
(4624, 'brayanlondoño@example.com', 'Brayan', 'Londoño', '', '', 1211512836, 'Cedula de Ciudadania', 2),
(4631, 'jhongomez@example.com', 'Jhon', 'Gomez', '', '', 1119128815, 'Cedula de Ciudadania', 2),
(4636, 'andrésisaza@example.com', 'Andrés', 'Isaza', '', '', 2147483647, 'Cedula de Ciudadania', 2),
(4661, 'mateosierra@example.com', 'Mateo', 'Sierra', '', '', 2046624894, 'Cedula de Ciudadania', 2),
(4681, 'pabloeleven@example.com', 'Pablo', 'Eleven', '', '', 1583683815, 'Cedula de Ciudadania', 2),
(4683, 'samuelsabas@example.com', 'Samuel', 'Sabas', '', '', 1888427436, 'Cedula de Ciudadania', 2),
(4730, 'mariamaldonad@example.com', 'Maria', 'Maldonado', '', '', 2147483647, 'Cedula de Ciudadania', 2),
(4752, 'mariaisaza@example.com', 'Maria', 'Isaza', '', '', 1498103700, 'Cedula de Ciudadania', 2),
(4756, 'baironisaza@example.com', 'Bairon', 'Isaza', '', '', 1854248920, 'Cedula de Ciudadania', 2),
(4807, 'maycolbran@example.com', 'Maycol', 'Bran', '', '', 1025356135, 'Cedula de Ciudadania', 2),
(4849, 'brayangomez@example.com', 'Brayan', 'Gomez', '', '', 1674764890, 'Cedula de Ciudadania', 2),
(4850, 'danielmartinez@example.com', 'Daniel', 'Martinez', '', '', 1428441654, 'Cedula de Ciudadania', 2),
(4883, 'mateoorozco@example.com', 'Mateo', 'Orozco', '', '', 1059567977, 'Cedula de Ciudadania', 2),
(4895, 'maycoltenyson@example.com', 'Maycol', 'Tenyson', '', '', 1080633807, 'Cedula de Ciudadania', 2),
(4914, 'juanorozco@example.com', 'Juan', 'Orozco', '', '', 2147483647, 'Cedula de Ciudadania', 2),
(4920, 'yeisongaleano@example.com', 'Yeison', 'Galeano', '', '', 1954842616, 'Cedula de Ciudadania', 2),
(4932, 'brayaneleven@example.com', 'Brayan', 'Eleven', '', '', 1923298537, 'Cedula de Ciudadania', 2),
(4935, 'manuelgomez@example.com', 'Manuel', 'Gomez', '', '', 2147483647, 'Cedula de Ciudadania', 2),
(4941, 'estibenmaldonad@example.com', 'Estiben', 'Maldonado', '', '', 1789973856, 'Cedula de Ciudadania', 2),
(4966, 'esneyderorozco@example.com', 'Esneyder', 'Orozco', '', '', 2147483647, 'Cedula de Ciudadania', 2),
(4967, 'pabloeleven@example.com', 'Pablo', 'Eleven', '', '', 1314562423, 'Cedula de Ciudadania', 2),
(4968, 'jhonsabas@example.com', 'Jhon', 'Sabas', '', '', 1708371095, 'Cedula de Ciudadania', 2),
(4993, 'mateoechavarr@example.com', 'Mateo', 'Echavarria', '', '', 2147483647, 'Cedula de Ciudadania', 2),
(5047, 'kevinisaza@example.com', 'Kevin', 'Isaza', '', '', 1147211996, 'Cedula de Ciudadania', 2),
(5051, 'alecorozco@example.com', 'Alec', 'Orozco', '', '', 2147483647, 'Cedula de Ciudadania', 2),
(5080, 'victorgaleano@example.com', 'Victor', 'Galeano', '', '', 2107139457, 'Cedula de Ciudadania', 2),
(5083, 'estibenvallejo@example.com', 'Estiben', 'Vallejo', '', '', 2147483647, 'Cedula de Ciudadania', 2),
(5092, 'benjaminorozco@example.com', 'Benjamin', 'Orozco', '', '', 2147483647, 'Cedula de Ciudadania', 2),
(5095, 'samuelcastrill@example.com', 'Samuel', 'Castrillon', '', '', 2147483647, 'Cedula de Ciudadania', 2),
(5104, 'estibenvallejo@example.com', 'Estiben', 'Vallejo', '', '', 2147483647, 'Cedula de Ciudadania', 2),
(5105, 'victorvallejo@example.com', 'Victor', 'Vallejo', '', '', 2147483647, 'Cedula de Ciudadania', 2),
(5114, 'brayanmartinez@example.com', 'Brayan', 'Martinez', '', '', 2147483647, 'Cedula de Ciudadania', 2),
(5141, 'danielorozco@example.com', 'Daniel', 'Orozco', '', '', 2147483647, 'Cedula de Ciudadania', 2),
(5217, 'estibeneleven@example.com', 'Estiben', 'Eleven', '', '', 1007393456, 'Cedula de Ciudadania', 2),
(5219, 'benjaminmaldonad@example.com', 'Benjamin', 'Maldonado', '', '', 2147483647, 'Cedula de Ciudadania', 2),
(5249, 'miguelgarcia@example.com', 'Miguel', 'Garcia', '', '', 1668464168, 'Cedula de Ciudadania', 2),
(5272, 'manuelgomez@example.com', 'Manuel', 'Gomez', '', '', 1367614946, 'Cedula de Ciudadania', 2),
(5286, 'esneydersabas@example.com', 'Esneyder', 'Sabas', '', '', 1962294087, 'Cedula de Ciudadania', 2),
(5310, 'maycolcastrill@example.com', 'Maycol', 'Castrillon', '', '', 2147483647, 'Cedula de Ciudadania', 2),
(5324, 'esneydersierra@example.com', 'Esneyder', 'Sierra', '', '', 2147483647, 'Cedula de Ciudadania', 2),
(5328, 'maycollondoño@example.com', 'Maycol', 'Londoño', '', '', 2147483647, 'Cedula de Ciudadania', 2),
(5346, 'kevinmosquera@example.com', 'Kevin', 'Mosquera', '', '', 2147483647, 'Cedula de Ciudadania', 2),
(5386, 'kevinpulgarin@example.com', 'Kevin', 'Pulgarin', '', '', 2147483647, 'Cedula de Ciudadania', 2),
(5393, 'miguelisaza@example.com', 'Miguel', 'Isaza', '', '', 2147483647, 'Cedula de Ciudadania', 2),
(5398, 'miguelcaro@example.com', 'Miguel', 'Caro', '', '', 2147483647, 'Cedula de Ciudadania', 2),
(5444, 'samueltenyson@example.com', 'Samuel', 'Tenyson', '', '', 2147483647, 'Cedula de Ciudadania', 2),
(5482, 'juantenyson@example.com', 'Juan', 'Tenyson', '', '', 2147483647, 'Cedula de Ciudadania', 2),
(5495, 'alecisaza@example.com', 'Alec', 'Isaza', '', '', 2147483647, 'Cedula de Ciudadania', 2),
(5496, 'mariatenyson@example.com', 'Maria', 'Tenyson', '', '', 1518874593, 'Cedula de Ciudadania', 2),
(5499, 'jhonpulgarin@example.com', 'Jhon', 'Pulgarin', '', '', 2147483647, 'Cedula de Ciudadania', 2),
(5506, 'yeisonsabas@example.com', 'Yeison', 'Sabas', '', '', 1602548878, 'Cedula de Ciudadania', 2),
(5563, 'yeisonmaldonad@example.com', 'Yeison', 'Maldonado', '', '', 1122479665, 'Cedula de Ciudadania', 2),
(5572, 'victoreleven@example.com', 'Victor', 'Eleven', '', '', 2087855793, 'Cedula de Ciudadania', 2),
(5585, 'miguelpulgarin@example.com', 'Miguel', 'Pulgarin', '', '', 2147483647, 'Cedula de Ciudadania', 2),
(5610, 'danielcastrill@example.com', 'Daniel', 'Castrillon', '', '', 2147483647, 'Cedula de Ciudadania', 2),
(5629, 'yeisontenyson@example.com', 'Yeison', 'Tenyson', '', '', 2147483647, 'Cedula de Ciudadania', 2),
(5645, 'alecsierra@example.com', 'Alec', 'Sierra', '', '', 2147483647, 'Cedula de Ciudadania', 2),
(5646, 'juanlondoño@example.com', 'Juan', 'Londoño', '', '', 2147483647, 'Cedula de Ciudadania', 2),
(5647, 'alecvallejo@example.com', 'Alec', 'Vallejo', '', '', 2090135996, 'Cedula de Ciudadania', 2),
(5654, 'pablopulgarin@example.com', 'Pablo', 'Pulgarin', '', '', 2147483647, 'Cedula de Ciudadania', 2),
(5756, 'juanmosquera@example.com', 'Juan', 'Mosquera', '', '', 2142980573, 'Cedula de Ciudadania', 2),
(5761, 'yeisongomez@example.com', 'Yeison', 'Gomez', '', '', 2147483647, 'Cedula de Ciudadania', 2),
(5794, 'kevinorozco@example.com', 'Kevin', 'Orozco', '', '', 2147483647, 'Cedula de Ciudadania', 2),
(5797, 'benjaminisaza@example.com', 'Benjamin', 'Isaza', '', '', 2147483647, 'Cedula de Ciudadania', 2),
(5804, 'benjamincastrill@example.com', 'Benjamin', 'Castrillon', '', '', 2147483647, 'Cedula de Ciudadania', 2),
(5809, 'yeisongarcia@example.com', 'Yeison', 'Garcia', '', '', 1329767790, 'Cedula de Ciudadania', 2),
(5814, 'juangarcia@example.com', 'Juan', 'Garcia', '', '', 2147483647, 'Cedula de Ciudadania', 2),
(5848, 'yeisonsierra@example.com', 'Yeison', 'Sierra', '', '', 2147483647, 'Cedula de Ciudadania', 2),
(5852, 'manuelvallejo@example.com', 'Manuel', 'Vallejo', '', '', 1087250682, 'Cedula de Ciudadania', 2),
(5891, 'mateoechavarr@example.com', 'Mateo', 'Echavarria', '', '', 2147483647, 'Cedula de Ciudadania', 2),
(5907, 'danielcastrill@example.com', 'Daniel', 'Castrillon', '', '', 1752361010, 'Cedula de Ciudadania', 2),
(5933, 'pablosabas@example.com', 'Pablo', 'Sabas', '', '', 2147483647, 'Cedula de Ciudadania', 2),
(5941, 'andrésisaza@example.com', 'Andrés', 'Isaza', '', '', 1867796655, 'Cedula de Ciudadania', 2),
(5960, 'miguelpalacio@example.com', 'Miguel', 'Palacio', '', '', 1190084358, 'Cedula de Ciudadania', 2),
(5985, 'kevintenyson@example.com', 'Kevin', 'Tenyson', '', '', 1073056206, 'Cedula de Ciudadania', 2),
(5986, 'estibenbran@example.com', 'Estiben', 'Bran', '', '', 2147483647, 'Cedula de Ciudadania', 2),
(5989, 'samuelsierra@example.com', 'Samuel', 'Sierra', '', '', 2147483647, 'Cedula de Ciudadania', 2),
(5992, 'victorsabas@example.com', 'Victor', 'Sabas', '', '', 2093198540, 'Cedula de Ciudadania', 2),
(5996, 'mateosierra@example.com', 'Mateo', 'Sierra', '', '', 1415858534, 'Cedula de Ciudadania', 2),
(6075, 'manuelechavarr@example.com', 'Manuel', 'Echavarria', '', '', 2147483647, 'Cedula de Ciudadania', 2),
(6079, 'alecpalacio@example.com', 'Alec', 'Palacio', '', '', 2147483647, 'Cedula de Ciudadania', 2),
(6081, 'victormosquera@example.com', 'Victor', 'Mosquera', '', '', 1741362309, 'Cedula de Ciudadania', 2),
(6095, 'andréseleven@example.com', 'Andrés', 'Eleven', '', '', 2147483647, 'Cedula de Ciudadania', 2),
(6105, 'kevinsabas@example.com', 'Kevin', 'Sabas', '', '', 1647359668, 'Cedula de Ciudadania', 2),
(6108, 'alecvallejo@example.com', 'Alec', 'Vallejo', '', '', 2147483647, 'Cedula de Ciudadania', 2),
(6146, 'kevinpulgarin@example.com', 'Kevin', 'Pulgarin', '', '', 1694782398, 'Cedula de Ciudadania', 2),
(6165, 'andrésmaldonad@example.com', 'Andrés', 'Maldonado', '', '', 1490167892, 'Cedula de Ciudadania', 2),
(6167, 'aleccastrill@example.com', 'Alec', 'Castrillon', '', '', 1105212811, 'Cedula de Ciudadania', 2),
(6177, 'esneydergomez@example.com', 'Esneyder', 'Gomez', '', '', 2147483647, 'Cedula de Ciudadania', 2),
(6179, 'maycolgomez@example.com', 'Maycol', 'Gomez', '', '', 1284058456, 'Cedula de Ciudadania', 2),
(6183, 'alecpulgarin@example.com', 'Alec', 'Pulgarin', '', '', 2115553084, 'Cedula de Ciudadania', 2),
(6218, 'manuellondoño@example.com', 'Manuel', 'Londoño', '', '', 1309444633, 'Cedula de Ciudadania', 2),
(6235, 'kevinorozco@example.com', 'Kevin', 'Orozco', '', '', 1939215245, 'Cedula de Ciudadania', 2),
(6251, 'jhonmosquera@example.com', 'Jhon', 'Mosquera', '', '', 2147483647, 'Cedula de Ciudadania', 2),
(6257, 'samuelsierra@example.com', 'Samuel', 'Sierra', '', '', 2099106437, 'Cedula de Ciudadania', 2),
(6271, 'samuelsierra@example.com', 'Samuel', 'Sierra', '', '', 1446911850, 'Cedula de Ciudadania', 2),
(6294, 'yeisonechavarr@example.com', 'Yeison', 'Echavarria', '', '', 1749909476, 'Cedula de Ciudadania', 2),
(6320, 'danielgarcia@example.com', 'Daniel', 'Garcia', '', '', 2147483647, 'Cedula de Ciudadania', 2),
(6352, 'baironsierra@example.com', 'Bairon', 'Sierra', '', '', 2147483647, 'Cedula de Ciudadania', 2),
(6386, 'miguelorozco@example.com', 'Miguel', 'Orozco', '', '', 2147483647, 'Cedula de Ciudadania', 2),
(6393, 'juanbran@example.com', 'Juan', 'Bran', '', '', 2147483647, 'Cedula de Ciudadania', 2),
(6394, 'marialondoño@example.com', 'Maria', 'Londoño', '', '', 2147483647, 'Cedula de Ciudadania', 2),
(6401, 'mateosabas@example.com', 'Mateo', 'Sabas', '', '', 1537471094, 'Cedula de Ciudadania', 2),
(6413, 'maycolorozco@example.com', 'Maycol', 'Orozco', '', '', 2065408152, 'Cedula de Ciudadania', 2),
(6442, 'miguelvallejo@example.com', 'Miguel', 'Vallejo', '', '', 2147483647, 'Cedula de Ciudadania', 2),
(6444, 'jhongomez@example.com', 'Jhon', 'Gomez', '', '', 1062368051, 'Cedula de Ciudadania', 2),
(6449, 'mateogarcia@example.com', 'Mateo', 'Garcia', '', '', 2147483647, 'Cedula de Ciudadania', 2),
(6451, 'yeisonisaza@example.com', 'Yeison', 'Isaza', '', '', 2147483647, 'Cedula de Ciudadania', 2),
(6469, 'aleccastrill@example.com', 'Alec', 'Castrillon', '', '', 1800814078, 'Cedula de Ciudadania', 2),
(6476, 'jhonorozco@example.com', 'Jhon', 'Orozco', '', '', 2147483647, 'Cedula de Ciudadania', 2),
(6482, 'andrésmosquera@example.com', 'Andrés', 'Mosquera', '', '', 1271672070, 'Cedula de Ciudadania', 2),
(6488, 'victorechavarr@example.com', 'Victor', 'Echavarria', '', '', 2147483647, 'Cedula de Ciudadania', 2),
(6555, 'victortenyson@example.com', 'Victor', 'Tenyson', '', '', 2147483647, 'Cedula de Ciudadania', 2),
(6584, 'juangaleano@example.com', 'Juan', 'Galeano', '', '', 2147483647, 'Cedula de Ciudadania', 2),
(6590, 'benjamingarcia@example.com', 'Benjamin', 'Garcia', '', '', 1083924871, 'Cedula de Ciudadania', 2),
(6594, 'estibenechavarr@example.com', 'Estiben', 'Echavarria', '', '', 2147483647, 'Cedula de Ciudadania', 2),
(6610, 'maycolsierra@example.com', 'Maycol', 'Sierra', '', '', 2147483647, 'Cedula de Ciudadania', 2),
(6613, 'samuelgaleano@example.com', 'Samuel', 'Galeano', '', '', 2079293926, 'Cedula de Ciudadania', 2),
(6645, 'mateogaleano@example.com', 'Mateo', 'Galeano', '', '', 1027533191, 'Cedula de Ciudadania', 2),
(6685, 'danieltenyson@example.com', 'Daniel', 'Tenyson', '', '', 2147483647, 'Cedula de Ciudadania', 2),
(6694, 'kevinmosquera@example.com', 'Kevin', 'Mosquera', '', '', 2147483647, 'Cedula de Ciudadania', 2),
(6731, 'estibenbran@example.com', 'Estiben', 'Bran', '', '', 2147483647, 'Cedula de Ciudadania', 2),
(6746, 'danielgomez@example.com', 'Daniel', 'Gomez', '', '', 2147483647, 'Cedula de Ciudadania', 2),
(6783, 'pabloechavarr@example.com', 'Pablo', 'Echavarria', '', '', 2147483647, 'Cedula de Ciudadania', 2),
(6838, 'mateopulgarin@example.com', 'Mateo', 'Pulgarin', '', '', 2147483647, 'Cedula de Ciudadania', 2),
(6839, 'victorechavarr@example.com', 'Victor', 'Echavarria', '', '', 1544097616, 'Cedula de Ciudadania', 2),
(6842, 'alecechavarr@example.com', 'Alec', 'Echavarria', '', '', 2147483647, 'Cedula de Ciudadania', 2),
(6845, 'jhonechavarr@example.com', 'Jhon', 'Echavarria', '', '', 1298666773, 'Cedula de Ciudadania', 2),
(6889, 'manuelmartinez@example.com', 'Manuel', 'Martinez', '', '', 2147483647, 'Cedula de Ciudadania', 2),
(6891, 'alecsabas@example.com', 'Alec', 'Sabas', '', '', 2147483647, 'Cedula de Ciudadania', 2),
(6920, 'baironcastrill@example.com', 'Bairon', 'Castrillon', '', '', 1406387688, 'Cedula de Ciudadania', 2),
(6941, 'miguelpalacio@example.com', 'Miguel', 'Palacio', '', '', 2147483647, 'Cedula de Ciudadania', 2),
(6958, 'esneydertenyson@example.com', 'Esneyder', 'Tenyson', '', '', 2147483647, 'Cedula de Ciudadania', 2),
(6986, 'maycolvallejo@example.com', 'Maycol', 'Vallejo', '', '', 2147483647, 'Cedula de Ciudadania', 2),
(6995, 'mateotenyson@example.com', 'Mateo', 'Tenyson', '', '', 2147483647, 'Cedula de Ciudadania', 2),
(7045, 'bairongomez@example.com', 'Bairon', 'Gomez', '', '', 1830590999, 'Cedula de Ciudadania', 2),
(7084, 'juanvallejo@example.com', 'Juan', 'Vallejo', '', '', 1187294417, 'Cedula de Ciudadania', 2),
(7092, 'migueltenyson@example.com', 'Miguel', 'Tenyson', '', '', 1174567064, 'Cedula de Ciudadania', 2),
(7098, 'benjaminsabas@example.com', 'Benjamin', 'Sabas', '', '', 1049239323, 'Cedula de Ciudadania', 2),
(7100, 'kevintenyson@example.com', 'Kevin', 'Tenyson', '', '', 2147483647, 'Cedula de Ciudadania', 2),
(7109, 'jhongaleano@example.com', 'Jhon', 'Galeano', '', '', 1850252985, 'Cedula de Ciudadania', 2),
(7151, 'manueleleven@example.com', 'Manuel', 'Eleven', '', '', 2147483647, 'Cedula de Ciudadania', 2),
(7176, 'manuelgomez@example.com', 'Manuel', 'Gomez', '', '', 1858660850, 'Cedula de Ciudadania', 2),
(7188, 'manuelvallejo@example.com', 'Manuel', 'Vallejo', '', '', 2147483647, 'Cedula de Ciudadania', 2),
(7189, 'miguelmosquera@example.com', 'Miguel', 'Mosquera', '', '', 2129515198, 'Cedula de Ciudadania', 2),
(7191, 'esneyderorozco@example.com', 'Esneyder', 'Orozco', '', '', 2147483647, 'Cedula de Ciudadania', 2),
(7207, 'victorcastrill@example.com', 'Victor', 'Castrillon', '', '', 1160493086, 'Cedula de Ciudadania', 2),
(7216, 'samuelgomez@example.com', 'Samuel', 'Gomez', '', '', 2147483647, 'Cedula de Ciudadania', 2),
(7247, 'alecgaleano@example.com', 'Alec', 'Galeano', '', '', 2147483647, 'Cedula de Ciudadania', 2),
(7249, 'jhonmaldonad@example.com', 'Jhon', 'Maldonado', '', '', 2147483647, 'Cedula de Ciudadania', 2),
(7275, 'jhonorozco@example.com', 'Jhon', 'Orozco', '', '', 1352168467, 'Cedula de Ciudadania', 2),
(7310, 'brayanisaza@example.com', 'Brayan', 'Isaza', '', '', 2003572262, 'Cedula de Ciudadania', 2),
(7324, 'jhonlondoño@example.com', 'Jhon', 'Londoño', '', '', 1250416247, 'Cedula de Ciudadania', 2),
(7348, 'baironpalacio@example.com', 'Bairon', 'Palacio', '', '', 2147483647, 'Cedula de Ciudadania', 2),
(7382, 'samuelpulgarin@example.com', 'Samuel', 'Pulgarin', '', '', 1011827027, 'Cedula de Ciudadania', 2),
(7420, 'kevinvallejo@example.com', 'Kevin', 'Vallejo', '', '', 2147483647, 'Cedula de Ciudadania', 2),
(7443, 'mariacaro@example.com', 'Maria', 'Caro', '', '', 2147483647, 'Cedula de Ciudadania', 2),
(7500, 'brayanechavarr@example.com', 'Brayan', 'Echavarria', '', '', 1726413008, 'Cedula de Ciudadania', 2),
(7519, 'yeisoneleven@example.com', 'Yeison', 'Eleven', '', '', 2147483647, 'Cedula de Ciudadania', 2),
(7563, 'danielpulgarin@example.com', 'Daniel', 'Pulgarin', '', '', 1549131389, 'Cedula de Ciudadania', 2),
(7584, 'mateogomez@example.com', 'Mateo', 'Gomez', '', '', 1003094092, 'Cedula de Ciudadania', 2),
(7596, 'esneydergaleano@example.com', 'Esneyder', 'Galeano', '', '', 1397529427, 'Cedula de Ciudadania', 2),
(7653, 'alecgomez@example.com', 'Alec', 'Gomez', '', '', 2147483647, 'Cedula de Ciudadania', 2),
(7691, 'migueleleven@example.com', 'Miguel', 'Eleven', '', '', 2147483647, 'Cedula de Ciudadania', 2),
(7708, 'brayanechavarr@example.com', 'Brayan', 'Echavarria', '', '', 2147483647, 'Cedula de Ciudadania', 2),
(7731, 'mariavallejo@example.com', 'Maria', 'Vallejo', '', '', 2093962340, 'Cedula de Ciudadania', 2),
(7736, 'manuelpulgarin@example.com', 'Manuel', 'Pulgarin', '', '', 1886965445, 'Cedula de Ciudadania', 2),
(7743, 'andrésvallejo@example.com', 'Andrés', 'Vallejo', '', '', 2147483647, 'Cedula de Ciudadania', 2),
(7769, 'kevinlondoño@example.com', 'Kevin', 'Londoño', '', '', 2147483647, 'Cedula de Ciudadania', 2),
(7799, 'mateogomez@example.com', 'Mateo', 'Gomez', '', '', 2135982822, 'Cedula de Ciudadania', 2),
(7813, 'yeisonmartinez@example.com', 'Yeison', 'Martinez', '', '', 2006295496, 'Cedula de Ciudadania', 2),
(7831, 'pablosabas@example.com', 'Pablo', 'Sabas', '', '', 1945242116, 'Cedula de Ciudadania', 2),
(7844, 'jhonechavarr@example.com', 'Jhon', 'Echavarria', '', '', 1087053306, 'Cedula de Ciudadania', 2),
(7849, 'juancaro@example.com', 'Juan', 'Caro', '', '', 1239980751, 'Cedula de Ciudadania', 2),
(7854, 'jhongomez@example.com', 'Jhon', 'Gomez', '', '', 2147483647, 'Cedula de Ciudadania', 2),
(7855, 'samuelsierra@example.com', 'Samuel', 'Sierra', '', '', 1952992951, 'Cedula de Ciudadania', 2),
(7856, 'juaneleven@example.com', 'Juan', 'Eleven', '', '', 2147483647, 'Cedula de Ciudadania', 2),
(7937, 'yeisonvallejo@example.com', 'Yeison', 'Vallejo', '', '', 2147483647, 'Cedula de Ciudadania', 2),
(7951, 'victorisaza@example.com', 'Victor', 'Isaza', '', '', 1982527887, 'Cedula de Ciudadania', 2),
(7972, 'manuellondoño@example.com', 'Manuel', 'Londoño', '', '', 2121773663, 'Cedula de Ciudadania', 2),
(7997, 'kevincaro@example.com', 'Kevin', 'Caro', '', '', 2147483647, 'Cedula de Ciudadania', 2),
(8012, 'samuelmaldonad@example.com', 'Samuel', 'Maldonado', '', '', 2147483647, 'Cedula de Ciudadania', 2),
(8023, 'estibengomez@example.com', 'Estiben', 'Gomez', '', '', 2147483647, 'Cedula de Ciudadania', 2),
(8029, 'samuelbran@example.com', 'Samuel', 'Bran', '', '', 1457677532, 'Cedula de Ciudadania', 2),
(8056, 'andrésgaleano@example.com', 'Andrés', 'Galeano', '', '', 2147483647, 'Cedula de Ciudadania', 2),
(8057, 'samuelpalacio@example.com', 'Samuel', 'Palacio', '', '', 2147483647, 'Cedula de Ciudadania', 2),
(8084, 'kevinlondoño@example.com', 'Kevin', 'Londoño', '', '', 2147483647, 'Cedula de Ciudadania', 2),
(8128, 'alecsabas@example.com', 'Alec', 'Sabas', '', '', 1427099212, 'Cedula de Ciudadania', 2),
(8144, 'samuelbran@example.com', 'Samuel', 'Bran', '', '', 2147483647, 'Cedula de Ciudadania', 2),
(8162, 'esneydermartinez@example.com', 'Esneyder', 'Martinez', '', '', 2147483647, 'Cedula de Ciudadania', 2),
(8167, 'esneyderlondoño@example.com', 'Esneyder', 'Londoño', '', '', 1712298164, 'Cedula de Ciudadania', 2),
(8191, 'kevinmosquera@example.com', 'Kevin', 'Mosquera', '', '', 2147483647, 'Cedula de Ciudadania', 2),
(8197, 'andréslondoño@example.com', 'Andrés', 'Londoño', '', '', 1195005938, 'Cedula de Ciudadania', 2),
(8225, 'victorgarcia@example.com', 'Victor', 'Garcia', '', '', 2147483647, 'Cedula de Ciudadania', 2),
(8229, 'yeisonpalacio@example.com', 'Yeison', 'Palacio', '', '', 1690311784, 'Cedula de Ciudadania', 2),
(8287, 'victorcaro@example.com', 'Victor', 'Caro', '', '', 1457483238, 'Cedula de Ciudadania', 2),
(8295, 'andréslondoño@example.com', 'Andrés', 'Londoño', '', '', 2147483647, 'Cedula de Ciudadania', 2),
(8318, 'maycolcaro@example.com', 'Maycol', 'Caro', '', '', 1179995819, 'Cedula de Ciudadania', 2),
(8340, 'miguelsierra@example.com', 'Miguel', 'Sierra', '', '', 2147483647, 'Cedula de Ciudadania', 2),
(8349, 'mariagomez@example.com', 'Maria', 'Gomez', '', '', 2147483647, 'Cedula de Ciudadania', 2),
(8421, 'danieleleven@example.com', 'Daniel', 'Eleven', '', '', 2147483647, 'Cedula de Ciudadania', 2),
(8426, 'alecechavarr@example.com', 'Alec', 'Echavarria', '', '', 1588266572, 'Cedula de Ciudadania', 2),
(8461, 'benjaminlondoño@example.com', 'Benjamin', 'Londoño', '', '', 1491128510, 'Cedula de Ciudadania', 2),
(8474, 'mariasierra@example.com', 'Maria', 'Sierra', '', '', 2147483647, 'Cedula de Ciudadania', 2),
(8488, 'alecpalacio@example.com', 'Alec', 'Palacio', '', '', 1728988909, 'Cedula de Ciudadania', 2),
(8496, 'samuelsabas@example.com', 'Samuel', 'Sabas', '', '', 1104496832, 'Cedula de Ciudadania', 2),
(8519, 'yeisonsierra@example.com', 'Yeison', 'Sierra', '', '', 1623313902, 'Cedula de Ciudadania', 2),
(8524, 'yeisoneleven@example.com', 'Yeison', 'Eleven', '', '', 1411093377, 'Cedula de Ciudadania', 2),
(8550, 'mariagomez@example.com', 'Maria', 'Gomez', '', '', 2147483647, 'Cedula de Ciudadania', 2),
(8576, 'jhontenyson@example.com', 'Jhon', 'Tenyson', '', '', 2041202687, 'Cedula de Ciudadania', 2),
(8638, 'samuelbran@example.com', 'Samuel', 'Bran', '', '', 1410775239, 'Cedula de Ciudadania', 2),
(8642, 'samuelcaro@example.com', 'Samuel', 'Caro', '', '', 2147483647, 'Cedula de Ciudadania', 2),
(8647, 'mariamaldonad@example.com', 'Maria', 'Maldonado', '', '', 1184708155, 'Cedula de Ciudadania', 2),
(8687, 'maycolsabas@example.com', 'Maycol', 'Sabas', '', '', 1119307771, 'Cedula de Ciudadania', 2),
(8717, 'juanmaldonad@example.com', 'Juan', 'Maldonado', '', '', 2147483647, 'Cedula de Ciudadania', 2),
(8724, 'kevinpulgarin@example.com', 'Kevin', 'Pulgarin', '', '', 1114354122, 'Cedula de Ciudadania', 2),
(8729, 'manuelsabas@example.com', 'Manuel', 'Sabas', '', '', 1314074134, 'Cedula de Ciudadania', 2),
(8737, 'mateogaleano@example.com', 'Mateo', 'Galeano', '', '', 1123868142, 'Cedula de Ciudadania', 2),
(8738, 'baironcaro@example.com', 'Bairon', 'Caro', '', '', 2147483647, 'Cedula de Ciudadania', 2),
(8739, 'brayanbran@example.com', 'Brayan', 'Bran', '', '', 2107254100, 'Cedula de Ciudadania', 2),
(8768, 'kevinpulgarin@example.com', 'Kevin', 'Pulgarin', '', '', 2147483647, 'Cedula de Ciudadania', 2),
(8780, 'danielechavarr@example.com', 'Daniel', 'Echavarria', '', '', 1410890001, 'Cedula de Ciudadania', 2),
(8796, 'esneydervallejo@example.com', 'Esneyder', 'Vallejo', '', '', 2147483647, 'Cedula de Ciudadania', 2),
(8801, 'juanlondoño@example.com', 'Juan', 'Londoño', '', '', 2147483647, 'Cedula de Ciudadania', 2),
(8813, 'andrésvallejo@example.com', 'Andrés', 'Vallejo', '', '', 2147483647, 'Cedula de Ciudadania', 2),
(8847, 'baironpalacio@example.com', 'Bairon', 'Palacio', '', '', 2147483647, 'Cedula de Ciudadania', 2),
(8854, 'maycollondoño@example.com', 'Maycol', 'Londoño', '', '', 2147483647, 'Cedula de Ciudadania', 2),
(8878, 'danielmaldonad@example.com', 'Daniel', 'Maldonado', '', '', 1635696578, 'Cedula de Ciudadania', 2),
(8907, 'mateosabas@example.com', 'Mateo', 'Sabas', '', '', 2147483647, 'Cedula de Ciudadania', 2),
(8932, 'mariaeleven@example.com', 'Maria', 'Eleven', '', '', 1956402282, 'Cedula de Ciudadania', 2),
(8979, 'aleceleven@example.com', 'Alec', 'Eleven', '', '', 2147483647, 'Cedula de Ciudadania', 2),
(9007, 'manuelcastrill@example.com', 'Manuel', 'Castrillon', '', '', 1382466629, 'Cedula de Ciudadania', 2),
(9027, 'victorpalacio@example.com', 'Victor', 'Palacio', '', '', 1416858279, 'Cedula de Ciudadania', 2),
(9028, 'maycolmaldonad@example.com', 'Maycol', 'Maldonado', '', '', 2147483647, 'Cedula de Ciudadania', 2),
(9070, 'maycolbran@example.com', 'Maycol', 'Bran', '', '', 1305167183, 'Cedula de Ciudadania', 2),
(9075, 'benjaminmosquera@example.com', 'Benjamin', 'Mosquera', '', '', 2147483647, 'Cedula de Ciudadania', 2),
(9107, 'kevinmosquera@example.com', 'Kevin', 'Mosquera', '', '', 2147483647, 'Cedula de Ciudadania', 2),
(9109, 'samuelpulgarin@example.com', 'Samuel', 'Pulgarin', '', '', 2147483647, 'Cedula de Ciudadania', 2),
(9111, 'aleccaro@example.com', 'Alec', 'Caro', '', '', 2147483647, 'Cedula de Ciudadania', 2),
(9119, 'pablomaldonad@example.com', 'Pablo', 'Maldonado', '', '', 2147483647, 'Cedula de Ciudadania', 2),
(9120, 'victorsabas@example.com', 'Victor', 'Sabas', '', '', 1779469595, 'Cedula de Ciudadania', 2),
(9123, 'danielsierra@example.com', 'Daniel', 'Sierra', '', '', 2147483647, 'Cedula de Ciudadania', 2),
(9143, 'maycoleleven@example.com', 'Maycol', 'Eleven', '', '', 1627230500, 'Cedula de Ciudadania', 2),
(9154, 'estibenpulgarin@example.com', 'Estiben', 'Pulgarin', '', '', 2147483647, 'Cedula de Ciudadania', 2),
(9173, 'victorgarcia@example.com', 'Victor', 'Garcia', '', '', 1028563713, 'Cedula de Ciudadania', 2),
(9175, 'estibenmaldonad@example.com', 'Estiben', 'Maldonado', '', '', 1456302077, 'Cedula de Ciudadania', 2),
(9198, 'andrésgarcia@example.com', 'Andrés', 'Garcia', '', '', 2147483647, 'Cedula de Ciudadania', 2),
(9216, 'mateoeleven@example.com', 'Mateo', 'Eleven', '', '', 2147483647, 'Cedula de Ciudadania', 2),
(9250, 'brayangomez@example.com', 'Brayan', 'Gomez', '', '', 1594032611, 'Cedula de Ciudadania', 2),
(9252, 'esneydersierra@example.com', 'Esneyder', 'Sierra', '', '', 1575687610, 'Cedula de Ciudadania', 2),
(9253, 'kevincaro@example.com', 'Kevin', 'Caro', '', '', 2147483647, 'Cedula de Ciudadania', 2),
(9267, 'alecpulgarin@example.com', 'Alec', 'Pulgarin', '', '', 1845730580, 'Cedula de Ciudadania', 2),
(9269, 'alecisaza@example.com', 'Alec', 'Isaza', '', '', 1809423024, 'Cedula de Ciudadania', 2),
(9307, 'mateogarcia@example.com', 'Mateo', 'Garcia', '', '', 1782147292, 'Cedula de Ciudadania', 2),
(9316, 'pablosabas@example.com', 'Pablo', 'Sabas', '', '', 2147483647, 'Cedula de Ciudadania', 2),
(9325, 'manuelsabas@example.com', 'Manuel', 'Sabas', '', '', 2147483647, 'Cedula de Ciudadania', 2),
(9338, 'kevinvallejo@example.com', 'Kevin', 'Vallejo', '', '', 2147483647, 'Cedula de Ciudadania', 2),
(9385, 'maycolbran@example.com', 'Maycol', 'Bran', '', '', 2055300266, 'Cedula de Ciudadania', 2),
(9405, 'baironechavarr@example.com', 'Bairon', 'Echavarria', '', '', 1623127143, 'Cedula de Ciudadania', 2),
(9455, 'benjaminlondoño@example.com', 'Benjamin', 'Londoño', '', '', 1507775270, 'Cedula de Ciudadania', 2),
(9513, 'danieleleven@example.com', 'Daniel', 'Eleven', '', '', 2147483647, 'Cedula de Ciudadania', 2),
(9514, 'jhongaleano@example.com', 'Jhon', 'Galeano', '', '', 1202511406, 'Cedula de Ciudadania', 2),
(9529, 'brayanmartinez@example.com', 'Brayan', 'Martinez', '', '', 1840608819, 'Cedula de Ciudadania', 2),
(9541, 'brayanmartinez@example.com', 'Brayan', 'Martinez', '', '', 2147483647, 'Cedula de Ciudadania', 2),
(9603, 'pabloechavarr@example.com', 'Pablo', 'Echavarria', '', '', 2147483647, 'Cedula de Ciudadania', 2),
(9623, 'brayanpalacio@example.com', 'Brayan', 'Palacio', '', '', 2085555541, 'Cedula de Ciudadania', 2),
(9679, 'estibenlondoño@example.com', 'Estiben', 'Londoño', '', '', 1268728147, 'Cedula de Ciudadania', 2),
(9692, 'maycolmosquera@example.com', 'Maycol', 'Mosquera', '', '', 1702424612, 'Cedula de Ciudadania', 2),
(9696, 'miguelisaza@example.com', 'Miguel', 'Isaza', '', '', 1551866190, 'Cedula de Ciudadania', 2),
(9719, 'miguelvallejo@example.com', 'Miguel', 'Vallejo', '', '', 1229615638, 'Cedula de Ciudadania', 2),
(9764, 'samuelpalacio@example.com', 'Samuel', 'Palacio', '', '', 1049900640, 'Cedula de Ciudadania', 2),
(9773, 'brayanbran@example.com', 'Brayan', 'Bran', '', '', 1179121772, 'Cedula de Ciudadania', 2),
(9849, 'alecorozco@example.com', 'Alec', 'Orozco', '', '', 1834560516, 'Cedula de Ciudadania', 2);
INSERT INTO `usuarios` (`Idusuario`, `correo`, `nombre`, `apellido`, `usuario`, `contrasena`, `numero_documento`, `tipo_documento`, `idrol`) VALUES
(9879, 'jhonechavarr@example.com', 'Jhon', 'Echavarria', '', '', 2147483647, 'Cedula de Ciudadania', 2),
(9881, 'brayangaleano@example.com', 'Brayan', 'Galeano', '', '', 1716484278, 'Cedula de Ciudadania', 2),
(9900, 'jhonorozco@example.com', 'Jhon', 'Orozco', '', '', 1783520548, 'Cedula de Ciudadania', 2),
(9915, 'esneyderechavarr@example.com', 'Esneyder', 'Echavarria', '', '', 1766758888, 'Cedula de Ciudadania', 2),
(9916, 'daniellondoño@example.com', 'Daniel', 'Londoño', '', '', 2147483647, 'Cedula de Ciudadania', 2),
(9918, 'andréssabas@example.com', 'Andrés', 'Sabas', '', '', 1120383217, 'Cedula de Ciudadania', 2),
(9922, 'danielcaro@example.com', 'Daniel', 'Caro', '', '', 1610956624, 'Cedula de Ciudadania', 2),
(9932, 'juanisaza@example.com', 'Juan', 'Isaza', '', '', 1405099563, 'Cedula de Ciudadania', 2),
(9942, 'mariamosquera@example.com', 'Maria', 'Mosquera', '', '', 1980225163, 'Cedula de Ciudadania', 2),
(9951, 'andréscastrill@example.com', 'Andrés', 'Castrillon', '', '', 1896422411, 'Cedula de Ciudadania', 2),
(9966, 'baironisaza@example.com', 'Bairon', 'Isaza', '', '', 2147483647, 'Cedula de Ciudadania', 2);

--
-- Índices para tablas volcadas
--

--
-- Indices de la tabla `bloque`
--
ALTER TABLE `bloque`
  ADD PRIMARY KEY (`idbloque`);

--
-- Indices de la tabla `reservas`
--
ALTER TABLE `reservas`
  ADD PRIMARY KEY (`idreserva`),
  ADD KEY `FK_ReservasUsuarios` (`Idusuario`);

--
-- Indices de la tabla `roles`
--
ALTER TABLE `roles`
  ADD PRIMARY KEY (`idrol`);

--
-- Indices de la tabla `salas_de_informatica`
--
ALTER TABLE `salas_de_informatica`
  ADD PRIMARY KEY (`idsala`),
  ADD KEY `fk_idBloque` (`idBloque`);

--
-- Indices de la tabla `usuarios`
--
ALTER TABLE `usuarios`
  ADD PRIMARY KEY (`Idusuario`),
  ADD KEY `FK_UsuariosRoles` (`idrol`);

--
-- Restricciones para tablas volcadas
--

--
-- Filtros para la tabla `reservas`
--
ALTER TABLE `reservas`
  ADD CONSTRAINT `FK_ReservasUsuarios` FOREIGN KEY (`Idusuario`) REFERENCES `usuarios` (`Idusuario`) ON DELETE CASCADE ON UPDATE CASCADE;

--
-- Filtros para la tabla `salas_de_informatica`
--
ALTER TABLE `salas_de_informatica`
  ADD CONSTRAINT `fk_idBloque` FOREIGN KEY (`idBloque`) REFERENCES `bloque` (`idBloque`) ON DELETE CASCADE ON UPDATE CASCADE;

--
-- Filtros para la tabla `usuarios`
--
ALTER TABLE `usuarios`
  ADD CONSTRAINT `FK_UsuariosRoles` FOREIGN KEY (`idrol`) REFERENCES `roles` (`idrol`) ON DELETE NO ACTION ON UPDATE NO ACTION;
COMMIT;

/*!40101 SET CHARACTER_SET_CLIENT=@OLD_CHARACTER_SET_CLIENT */;
/*!40101 SET CHARACTER_SET_RESULTS=@OLD_CHARACTER_SET_RESULTS */;
/*!40101 SET COLLATION_CONNECTION=@OLD_COLLATION_CONNECTION */;
